"state_dist","state_id","district","state","name","party","incumbent","first_name","last_name","unique_cand_id"
"AK00","AK",1,"Alaska","Sharon Cissna","D",FALSE,"Sharon","Cissna","AK01_D_Cissna"
"AK00","AK",1,"Alaska","Don Young","R",TRUE,"Don","Young","AK01_R_Young"
"AL01","AL",1,"Alabama","Jo Bonner","R",TRUE,"Jo","Bonner","AL01_R_Bonner"
"AL02","AL",2,"Alabama","Terese Ford","D",FALSE,"Therese","Ford","AL02_D_Ford"
"AL02","AL",2,"Alabama","Martha Roby","R",TRUE,"Martha","Roby","AL02_R_Roby"
"AL03","AL",3,"Alabama","John Harris","D",FALSE,"John","Harris","AL03_D_Harris"
"AL03","AL",3,"Alabama","Mike Rogers","R",TRUE,"Mike","Rogers","AL03_R_Rogers"
"AL04","AL",4,"Alabama","Daniel Boman","D",FALSE,"Daniel","Boman","AL04_D_Boman"
"AL04","AL",4,"Alabama","Robert Aderholt","R",TRUE,"Robert","Aderholt","AL04_R_Aderholt"
"AL05","AL",5,"Alabama","Charlie Holley","D",FALSE,"Charlie","Holley","AL05_D_Holley"
"AL05","AL",5,"Alabama","Mo Brooks","R",TRUE,"Mo","Brooks","AL05_R_Brooks"
"AL06","AL",6,"Alabama","Penny Bailey","D",FALSE,"Penny","Bailey","AL06_D_Bailey"
"AL06","AL",6,"Alabama","Spencer Bachus","R",TRUE,"Spencer","Bachus","AL06_R_Bachus"
"AL07","AL",7,"Alabama","Terri Sewell","D",TRUE,"Terri","Sewell","AL07_D_Sewell"
"AL07","AL",7,"Alabama","Don Chamberlain","R",FALSE,"Don","Chamberlain","AL07_R_Chamberlain"
"AR01","AR",1,"Arkansas","Scott Ellington","D",FALSE,"Scott","Ellington","AR01_D_Ellington"
"AR01","AR",1,"Arkansas","Rick Crawford","R",TRUE,"Rick","Crawford","AR01_R_Crawford"
"AR02","AR",2,"Arkansas","Herb Rule","D",FALSE,"Herb","Rule","AR02_D_Rule"
"AR02","AR",2,"Arkansas","Tim Griffin","R",TRUE,"Tim","Griffin","AR02_R_Griffin"
"AR03","AR",3,"Arkansas","Ken Aden","D",FALSE,"Ken","Aden","AR03_D_Aden"
"AR03","AR",3,"Arkansas","Steve Womack","R",TRUE,"Steve","Womack","AR03_R_Womack"
"AR04","AR",4,"Arkansas","Gene Jeffress","D",FALSE,"Gene","Jeffress","AR04_D_Jeffress"
"AR04","AR",4,"Arkansas","Tom Cotton","R",FALSE,"Thomas","Cotton","AR04_R_Cotton"
"AZ01","AZ",1,"Arizona","Ann Kirkpatrick","D",FALSE,"Ann","Kirkpatrick","AZ01_D_Kirkpatrick"
"AZ01","AZ",1,"Arizona","Jonathan Paton","R",FALSE,"Jonathan","Paton","AZ01_R_Paton"
"AZ02","AZ",2,"Arizona","Ron Barber","D",TRUE,"Ron","Barber","AZ02_D_Barber"
"AZ02","AZ",2,"Arizona","Martha McSally","R",FALSE,"Martha","McSally","AZ02_R_McSally"
"AZ03","AZ",3,"Arizona","Raul Grijalva","D",TRUE,"Raul","Grijalva","AZ03_D_Grijalva"
"AZ03","AZ",3,"Arizona","Saucedo Mercer","R",FALSE,"Saucedo","Mercer","AZ03_R_Mercer"
"AZ04","AZ",4,"Arizona","Johnnie Robinson","D",FALSE,"Johnnie","Robinson","AZ04_D_Robinson"
"AZ04","AZ",4,"Arizona","Paul Gosar","R",TRUE,"Paul","Gosar","AZ04_R_Gosar"
"AZ05","AZ",5,"Arizona","Spencer Morgan","D",FALSE,"Spencer","Morgan","AZ05_D_Morgan"
"AZ05","AZ",5,"Arizona","Matt Salmon","R",FALSE,"Matt","Salmon","AZ05_R_Salmon"
"AZ06","AZ",6,"Arizona","Matt Jette","D",FALSE,"Matt","Jette","AZ06_D_Jette"
"AZ06","AZ",6,"Arizona","David Schweikert","R",TRUE,"David","Schweikert","AZ06_R_Schweikert"
"AZ07","AZ",7,"Arizona","Ed Pastor","D",TRUE,"Ed","Pastor","AZ07_D_Pastor"
"AZ08","AZ",8,"Arizona","Gene Scharer","D",FALSE,"Gene","Scharer","AZ08_D_Scharer"
"AZ08","AZ",8,"Arizona","Trent Franks","R",TRUE,"Trent","Franks","AZ08_R_Franks"
"AZ09","AZ",9,"Arizona","Kyrsten Sinema","D",FALSE,"Kyrsten","Sinema","AZ09_D_Sinema"
"AZ09","AZ",9,"Arizona","Vernon Parker","R",FALSE,"Vernon","Parker","AZ09_R_Parker"
"CA01","CA",1,"California","Jim Reed","D",FALSE,"Jim","Reed","CA01_D_Reed"
"CA01","CA",1,"California","Doug LaMalfa","R",FALSE,"Doug","LaMalfa","CA01_R_LaMalfa"
"CA02","CA",2,"California","Jared Huffman","D",FALSE,"Jared","Huffman","CA02_D_Huffman"
"CA02","CA",2,"California","Dan Roberts","R",FALSE,"Dan","Roberts","CA02_R_Roberts"
"CA03","CA",3,"California","John Garamendi","D",TRUE,"John","Garamendi","CA03_D_Garamendi"
"CA03","CA",3,"California","Kim Vann","R",FALSE,"Kim","Vann","CA03_R_Vann"
"CA04","CA",4,"California","Jack Uppal","D",FALSE,"Jack","Uppal","CA04_D_Uppal"
"CA04","CA",4,"California","Tom McClintock","R",TRUE,"Tom","McClintock","CA04_R_McClintock"
"CA05","CA",5,"California","Mike Thompson","D",TRUE,"Mike","Thompson","CA05_D_Thompson"
"CA05","CA",5,"California","Randy Loftin","R",FALSE,"Randy","Loftin","CA05_R_Loftin"
"CA06","CA",6,"California","Doris Matsui","D",TRUE,"Doris","Matsui","CA06_D_Matsui"
"CA06","CA",6,"California","Joseph McCray Sr.","R",FALSE,"Joseph","McCray","CA06_R_McCray"
"CA07","CA",7,"California","Ami Bera","D",FALSE,"Ami","Bera","CA07_D_Bera"
"CA07","CA",7,"California","Dan Lungren","R",TRUE,"Dan","Lungren","CA07_R_Lungren"
"CA08","CA",8,"California","Gregg Imus","R",FALSE,"Gregg","Imus","CA08_R_Imus"
"CA08","CA",8,"California","Jackie Conaway","D",FALSE,"Jackie","Conaway","CA08_D_Conaway"
"CA09","CA",9,"California","Jerry McNerney","D",TRUE,"Jerry","McNerney","CA09_D_McNerney"
"CA09","CA",9,"California","Ricky Gill","R",FALSE,"Ricky","Gill","CA09_R_Gill"
"CA10","CA",10,"California","Jose Hernandez","D",FALSE,"Jose","Hernandez","CA10_D_Hernandez"
"CA10","CA",10,"California","Jeff Denham","R",TRUE,"Jeff","Denham","CA10_R_Denham"
"CA11","CA",11,"California","George Miller","D",TRUE,"George","Miller","CA11_D_Miller"
"CA11","CA",11,"California","Virginia Fuller","R",FALSE,"Virginia","Fuller","CA11_R_Fuller"
"CA12","CA",12,"California","Nancy Pelosi","D",TRUE,"Nancy","Pelosi","CA12_D_Pelosi"
"CA12","CA",12,"California","John Dennis","R",FALSE,"John","Dennis","CA12_R_Dennis"
"CA13","CA",13,"California","Barbara Lee","D",TRUE,"Barbara","Lee","CA13_D_Lee"
"CA14","CA",14,"California","Jackie Speier","D",TRUE,"Jackie","Speier","CA14_D_Speier"
"CA14","CA",14,"California","Debbie Bacigalupi","R",FALSE,"Debbie","Bacigalupi","CA14_R_Bacigalupi"
"CA15","CA",15,"California","Pete Stark","D",TRUE,"Pete","Stark","CA15_D_Stark"
"CA15","CA",15,"California","Eric Swalwell","D",FALSE,"Eric","Swalwell","CA15_D_Swalwell"
"CA16","CA",16,"California","Jim Costa","D",TRUE,"Jim","Costa","CA16_D_Costa"
"CA16","CA",16,"California","Brian Whelan","R",FALSE,"Brian","Whelan","CA16_R_Whelan"
"CA17","CA",17,"California","Mike Honda","D",TRUE,"Mike","Honda","CA17_D_Honda"
"CA17","CA",17,"California","Evelyn Li","R",FALSE,"Evelyn","Li","CA17_R_Li"
"CA18","CA",18,"California","Anna Eshoo","D",TRUE,"Anna","Eshoo","CA18_D_Eshoo"
"CA18","CA",18,"California","Dave Chapman","R",FALSE,"Dave","Chapman","CA18_R_Chapman"
"CA19","CA",19,"California","Zoe Lofgren","D",TRUE,"Zoe","Lofgren","CA19_D_Lofgren"
"CA19","CA",19,"California","Robert Murray","R",FALSE,"Robert","Murray","CA19_R_Murray"
"CA20","CA",20,"California","Sam Farr","D",TRUE,"Sam","Farr","CA20_D_Farr"
"CA20","CA",20,"California","Jeff Taylor","R",FALSE,"Jeff","Taylor","CA20_R_Taylor"
"CA21","CA",21,"California","John Hernandez","D",FALSE,"John","Hernandez","CA21_D_Hernandez"
"CA21","CA",21,"California","David Valadao","R",FALSE,"David","Valadao","CA21_R_Valadao"
"CA22","CA",22,"California","Otto Lee","D",FALSE,"Otto","Lee","CA22_D_Lee"
"CA22","CA",22,"California","Devin Nunes","R",TRUE,"Devin","Nunes","CA22_R_Nunes"
"CA23","CA",23,"California","Kevin McCarthy","R",TRUE,"Kevin","McCarthy","CA23_R_McCarthy"
"CA24","CA",24,"California","Lois Capps","D",TRUE,"Lois","Capps","CA24_D_Capps"
"CA24","CA",24,"California","Abel Maldonado","R",FALSE,"Abel","Maldonado","CA24_R_Maldonado"
"CA25","CA",25,"California","Lee Rogers","D",FALSE,"Lee","Rogers","CA25_D_Rogers"
"CA25","CA",25,"California","Buck McKeon","R",TRUE,"Buck","Mckeon","CA25_R_Mckeon"
"CA26","CA",26,"California","Julia Brownley","D",FALSE,"Julia","Brownley","CA26_D_Brownley"
"CA26","CA",26,"California","Tony Strickland","R",FALSE,"Tony","Strickland","CA26_R_Strickland"
"CA27","CA",27,"California","Judy Chu","D",TRUE,"Judy","Chu","CA27_D_Chu"
"CA27","CA",27,"California","Jack Orswell","R",FALSE,"Jack","Orswell","CA27_R_Orswell"
"CA28","CA",28,"California","Adam Schiff","D",TRUE,"Adam","Schiff","CA28_D_Schiff"
"CA28","CA",28,"California","Phil Jennerjahn","R",FALSE,"Phil","Jennerjahn","CA28_R_Jennerjahn"
"CA29","CA",29,"California","Tony Cardenas","D",FALSE,"Tony","Cardenas","CA29_D_Cardenas"
"CA29","CA",29,"California","David Hernandez","R",FALSE,"David","Hernandez","CA29_R_Hernandez"
"CA30","CA",30,"California","Howard Berman","D",TRUE,"Howard","Berman","CA30_D_Berman"
"CA30","CA",30,"California","Brad Sherman","D",TRUE,"Brad","Sherman","CA30_D_Sherman"
"CA31","CA",31,"California","Gary Miller","R",TRUE,"Gary","Miller","CA31_R_Miller"
"CA31","CA",31,"California","Bob Dutton","R",FALSE,"Bob","Dutton","CA31_R_Dutton"
"CA32","CA",32,"California","Grace Napolitano","D",TRUE,"Grace","Napolitano","CA32_D_Napolitano"
"CA32","CA",32,"California","David Miller","R",FALSE,"David","Miller","CA32_R_Miller"
"CA33","CA",33,"California","Henry Waxman","D",TRUE,"Henry","Waxman","CA33_D_Waxman"
"CA34","CA",34,"California","Xavier Becerra","D",TRUE,"Xavier","Becerra","CA34_D_Becerra"
"CA34","CA",34,"California","Stephen Smith","R",FALSE,"Stephen","Smith","CA34_R_Smith"
"CA35","CA",35,"California","Joe Baca","D",TRUE,"Joe","Baca","CA35_D_Baca"
"CA35","CA",35,"California","Gloria McLeod","D",FALSE,"Gloria","McLeod","CA35_D_McLeod"
"CA36","CA",36,"California","Raul Ruiz","D",FALSE,"Raul","Ruiz","CA36_D_Ruiz"
"CA36","CA",36,"California","Mary Bono Mack","R",TRUE,"Bono","Mack","CA36_R_Mack"
"CA37","CA",37,"California","Karen Bass","D",TRUE,"Karen","Bass","CA37_D_Bass"
"CA38","CA",38,"California","Linda Sanchez","D",TRUE,"Linda","Sanchez","CA38_D_Sanchez"
"CA38","CA",38,"California","Benjamin Campos","R",FALSE,"Benjamin","Campos","CA38_R_Campos"
"CA39","CA",39,"California","Jay Chen","D",FALSE,"Jay","Chen","CA39_D_Chen"
"CA39","CA",39,"California","Ed Royce","R",TRUE,"Ed","Royce","CA39_R_Royce"
"CA40","CA",40,"California","Lucille Roybal-Allard","D",TRUE,"Lucille","Roybal-Allard","CA40_D_Roybal-Allard"
"CA40","CA",40,"California","David Sanchez","D",FALSE,"David","Sanchez","CA40_D_Sanchez"
"CA41","CA",41,"California","Mark Takano","D",FALSE,"Mark","Takano","CA41_D_Takano"
"CA41","CA",41,"California","John Tavaglione","R",FALSE,"John","Tavaglione","CA41_R_Tavaglione"
"CA42","CA",42,"California","Michael Williamson","D",FALSE,"Michael","Williamson","CA42_D_Williamson"
"CA42","CA",42,"California","Ken Calvert","R",TRUE,"Ken","Calvert","CA42_R_Calvert"
"CA43","CA",43,"California","Maxine Waters","D",TRUE,"Maxine","Waters","CA43_D_Waters"
"CA43","CA",43,"California","Bob Flores","D",FALSE,"Bob","Flores","CA43_D_Flores"
"CA44","CA",44,"California","Janice Hahn","D",TRUE,"Janice","Hahn","CA44_D_Hahn"
"CA44","CA",44,"California","Laura Richardson","D",TRUE,"Laura","Richardson","CA44_D_Richardson"
"CA45","CA",45,"California","Sukhee Kang","D",FALSE,"Sukhee","Kang","CA45_D_Kang"
"CA45","CA",45,"California","John Campbell","R",TRUE,"John","Campbell","CA45_R_Campbell"
"CA46","CA",46,"California","Loretta Sanchez","D",TRUE,"Loretta","Sanchez","CA46_D_Sanchez"
"CA46","CA",46,"California","Jerry Hayden","R",FALSE,"Jerry","Hayden","CA46_R_Hayden"
"CA47","CA",47,"California","Alan Lowenthal","D",FALSE,"Alan","Lowenthal","CA47_D_Lowenthal"
"CA47","CA",47,"California","Gary Delong","R",FALSE,"Gary","Delong","CA47_R_Delong"
"CA48","CA",48,"California","Ron Varasteh","D",FALSE,"Ron","Varasteh","CA48_D_Varasteh"
"CA48","CA",48,"California","Dana Rohrabacher","R",TRUE,"Dana","Rohrabacher","CA48_R_Rohrabacher"
"CA49","CA",49,"California","Jerry Tetalman","D",FALSE,"Jerry","Tetalman","CA49_D_Tetalman"
"CA49","CA",49,"California","Darrell Issa","R",TRUE,"Darrell","Issa","CA49_R_Issa"
"CA50","CA",50,"California","David Secor","D",FALSE,"David","Secor","CA50_D_Secor"
"CA50","CA",50,"California","Duncan D. Hunter","R",TRUE,"Duncan","Hunter","CA50_R_Hunter"
"CA51","CA",51,"California","Juan Vargas","D",FALSE,"Juan","Vargas","CA51_D_Vargas"
"CA51","CA",51,"California","Michael Crimmins","R",FALSE,"Michael","Crimmins","CA51_R_Crimmins"
"CA52","CA",52,"California","Scott Peters","D",FALSE,"Scott","Peters","CA52_D_Peters"
"CA52","CA",52,"California","Brian Bilbray","R",TRUE,"Brian","Bilbray","CA52_R_Bilbray"
"CA53","CA",53,"California","Susan Davis","D",TRUE,"Susan","Davis","CA53_D_Davis"
"CA53","CA",53,"California","Nick Popaditch","R",FALSE,"Nick","Popaditch","CA53_R_Popaditch"
"CO01","CO",1,"Colorado","Diana DeGette","D",TRUE,"Diana","DeGette","CO01_D_DeGette"
"CO01","CO",1,"Colorado","Danny Stroud","R",FALSE,"Danny","Stroud","CO01_R_Stroud"
"CO02","CO",2,"Colorado","Jared Polis","D",TRUE,"Jared","Polis","CO02_D_Polis"
"CO02","CO",2,"Colorado","Kevin Lundberg","R",FALSE,"Kevin","Lundberg","CO02_R_Lundberg"
"CO03","CO",3,"Colorado","Sal Pace","D",FALSE,"Sal","Pace","CO03_D_Pace"
"CO03","CO",3,"Colorado","Scott Tipton","R",TRUE,"Scott","Tipton","CO03_R_Tipton"
"CO04","CO",4,"Colorado","Brandon Shaffer","D",FALSE,"Brandon","Shaffer","CO04_D_Shaffer"
"CO04","CO",4,"Colorado","Cory Gardner","R",TRUE,"Cory","Gardner","CO04_R_Gardner"
"CO05","CO",5,"Colorado","Doug Lamborn","R",TRUE,"Doug","Lamborn","CO05_R_Lamborn"
"CO05","CO",5,"Colorado","Bob Evans","D",FALSE,"Bob","Evans","CO05_D_Evans"
"CO06","CO",6,"Colorado","Joe Miklosi","D",FALSE,"Joe","Miklosi","CO06_D_Miklosi"
"CO06","CO",6,"Colorado","Mike Coffman","R",TRUE,"Mike","Coffman","CO06_R_Coffman"
"CO07","CO",7,"Colorado","Ed Perlmutter","D",TRUE,"Ed","Perlmutter","CO07_D_Perlmutter"
"CO07","CO",7,"Colorado","Joe Coors","R",FALSE,"Joe","Coors","CO07_R_Coors"
"CT01","CT",1,"Connecticut","John Larson","D",TRUE,"John","Larson","CT01_D_Larson"
"CT01","CT",1,"Connecticut","John Decker","R",FALSE,"John","Decker","CT01_R_Decker"
"CT02","CT",2,"Connecticut","Joe Courtney","D",TRUE,"Joe","Courtney","CT02_D_Courtney"
"CT02","CT",2,"Connecticut","Paul Formica","R",FALSE,"Paul","Formica","CT02_R_Formica"
"CT03","CT",3,"Connecticut","Rosa DeLauro","D",TRUE,"Rosa","DeLauro","CT03_D_DeLauro"
"CT03","CT",3,"Connecticut","Wayne Winsley","R",FALSE,"Wayne","Winsley","CT03_R_Winsley"
"CT04","CT",4,"Connecticut","Jim Himes","D",TRUE,"Jim","Himes","CT04_D_Himes"
"CT04","CT",4,"Connecticut","Steve Obsitnik","R",FALSE,"Steve","Obsitnik","CT04_R_Obsitnik"
"CT05","CT",5,"Connecticut","Elizabeth Esty","D",FALSE,"Elizabeth","Esty","CT05_D_Esty"
"CT05","CT",5,"Connecticut","Andrew Roraback","R",FALSE,"Andrew","Roraback","CT05_R_Roraback"
"DE00","DE",1,"Delaware","John Carney","D",TRUE,"John","Carney","DE01_D_Carney"
"DE00","DE",1,"Delaware","Tom Kovach","R",FALSE,"Tom","Kovach","DE01_R_Kovach"
"FL01","FL",1,"Florida","Jim Bryan","D",FALSE,"Jim","Bryan","FL01_D_Bryan"
"FL01","FL",1,"Florida","Jeff Miller","R",TRUE,"Jeff","Miller","FL01_R_Miller"
"FL02","FL",2,"Florida","Alfred Lawson","D",FALSE,"Alfred","Lawson","FL02_D_Lawson"
"FL02","FL",2,"Florida","Steve Southerland","R",TRUE,"Steve","Southerland","FL02_R_Southerland"
"FL03","FL",3,"Florida","Jacques Gaillot","D",FALSE,"Jacques","Gaillot","FL03_D_Gaillot"
"FL03","FL",3,"Florida","Ted Yoho","R",FALSE,"Ted","Yoho","FL03_R_Yoho"
"FL04","FL",4,"Florida","Ander Crenshaw","R",TRUE,"Ander","Crenshaw","FL04_R_Crenshaw"
"FL05","FL",5,"Florida","Corrine Brown","D",TRUE,"Corrine","Brown","FL05_D_Brown"
"FL05","FL",5,"Florida","LeAnne Kolb","R",FALSE,"LeAnne","Kolb","FL05_R_Kolb"
"FL06","FL",6,"Florida","Heather Beaven","D",FALSE,"Heather","Beaven","FL06_D_Beaven"
"FL06","FL",6,"Florida","Ron DeSantis","R",FALSE,"Ron","DeSantis","FL06_R_DeSantis"
"FL07","FL",7,"Florida","Jason Kendall","D",FALSE,"Jason","Kendall","FL07_D_Kendall"
"FL07","FL",7,"Florida","John Mica","R",TRUE,"John","Mica","FL07_R_Mica"
"FL08","FL",8,"Florida","Shannon Roberts","D",FALSE,"Shannon","Roberts","FL08_D_Roberts"
"FL08","FL",8,"Florida","Bill Posey","R",TRUE,"Bill","Posey","FL08_R_Posey"
"FL09","FL",9,"Florida","Alan Grayson","D",FALSE,"Alan","Grayson","FL09_D_Grayson"
"FL09","FL",9,"Florida","Todd Long","R",FALSE,"Todd","Long","FL09_R_Long"
"FL10","FL",10,"Florida","Val Deming","D",FALSE,"Val","Deming","FL10_D_Deming"
"FL10","FL",10,"Florida","Daniel Webster","R",TRUE,"Daniel","Webster","FL10_R_Webster"
"FL11","FL",11,"Florida","David Werder","D",FALSE,"David","Werder","FL11_D_Werder"
"FL11","FL",11,"Florida","Richard Nugent","R",TRUE,"Richard","Nugent","FL11_R_Nugent"
"FL12","FL",12,"Florida","Jonathan Snow","D",FALSE,"Jonathan","Snow","FL12_D_Snow"
"FL12","FL",12,"Florida","Gus Bilirakis","R",TRUE,"Gus","Bilirakis","FL12_R_Bilirakis"
"FL13","FL",13,"Florida","Jessica Ehrlich","D",FALSE,"Jessica","Ehrlich","FL13_D_Ehrlich"
"FL13","FL",13,"Florida","Bill Young","R",TRUE,"Bill","Young","FL13_R_Young"
"FL14","FL",14,"Florida","Kathy Castor","D",TRUE,"Kathy","Castor","FL14_D_Castor"
"FL14","FL",14,"Florida","Evelio Otero","R",FALSE,"Evelio","Otero","FL14_R_Otero"
"FL15","FL",15,"Florida","Dennis Ross","R",TRUE,"Dennis","Ross","FL15_R_Ross"
"FL16","FL",16,"Florida","Keith Fitzgerald","D",FALSE,"Keith","Fitzgerald","FL16_D_Fitzgerald"
"FL16","FL",16,"Florida","Vernon Buchanan","R",TRUE,"Vernon","Buchanan","FL16_R_Buchanan"
"FL17","FL",17,"Florida","William Bronson","D",FALSE,"William","Bronson","FL17_D_Bronson"
"FL17","FL",17,"Florida","Tom Rooney","R",TRUE,"Tom","Rooney","FL17_R_Rooney"
"FL18","FL",18,"Florida","Patrick Murphy","D",FALSE,"Patrick","Murphy","FL18_D_Murphy"
"FL18","FL",18,"Florida","Allen West","R",TRUE,"Allen","West","FL18_R_West"
"FL19","FL",19,"Florida","Jim Roach","D",FALSE,"Jim","Roach","FL19_D_Roach"
"FL19","FL",19,"Florida","Trey Radel","R",FALSE,"Trey","Radel","FL19_R_Radel"
"FL20","FL",20,"Florida","Alcee Hastings","D",TRUE,"Alcee","Hastings","FL20_D_Hastings"
"FL20","FL",20,"Florida","Joe Goldner","R",FALSE,"Joe","Goldner","FL20_R_Goldner"
"FL21","FL",21,"Florida","Ted Deutch","D",TRUE,"Ted","Deutch","FL21_D_Deutch"
"FL22","FL",22,"Florida","Lois Frankel","D",FALSE,"Lois","Frankel","FL22_D_Frankel"
"FL22","FL",22,"Florida","Adam Hasner","R",FALSE,"Adam","Hasner","FL22_R_Hasner"
"FL23","FL",23,"Florida","Debbie Schultz","D",TRUE,"Debbie","Schultz","FL23_D_Schultz"
"FL23","FL",23,"Florida","Karen Harrington","R",FALSE,"Karen","Harrington","FL23_R_Harrington"
"FL24","FL",24,"Florida","Frederica Wilson","D",TRUE,"Frederica","Wilson","FL24_D_Wilson"
"FL25","FL",25,"Florida","Mario Diaz-Balart","R",TRUE,"Mario","Diaz-Balart","FL25_R_Diaz-Balart"
"FL26","FL",26,"Florida","Joe Garcia","D",FALSE,"Joe","Garcia","FL26_D_Garcia"
"FL26","FL",26,"Florida","David Rivera","R",TRUE,"David","Rivera","FL26_R_Rivera"
"FL27","FL",27,"Florida","Manny Yevancey","D",FALSE,"Manny","Yevancey","FL27_D_Yevancey"
"FL27","FL",27,"Florida","Ileana Ros","R",TRUE,"Ileana","Ros","FL27_R_Ros"
"GA01","GA",1,"Georgia","Lesli Messinger","D",FALSE,"Lesli","Messinger","GA01_D_Messinger"
"GA01","GA",1,"Georgia","Jack Kingston","R",TRUE,"Jack","Kingston","GA01_R_Kingston"
"GA02","GA",2,"Georgia","Sanford Bishop","D",TRUE,"Sanford","Bishop","GA02_D_Bishop"
"GA02","GA",2,"Georgia","John Allen","R",FALSE,"John","Allen","GA02_R_Allen"
"GA03","GA",3,"Georgia","Lynn Westmoreland","R",TRUE,"Lynn","Westmoreland","GA03_R_Westmoreland"
"GA04","GA",4,"Georgia","Hank Johnson","D",TRUE,"Hank","Johnson","GA04_D_Johnson"
"GA04","GA",4,"Georgia","Chris Vaughn","R",FALSE,"Chris","Vaughn","GA04_R_Vaughn"
"GA05","GA",5,"Georgia","John Lewis","D",TRUE,"John","Lewis","GA05_D_Lewis"
"GA05","GA",5,"Georgia","Howard Stopeck","R",FALSE,"Howard","Stopeck","GA05_R_Stopeck"
"GA06","GA",6,"Georgia","Jeff Kazanow","D",FALSE,"Jeff","Kazanow","GA06_D_Kazanow"
"GA06","GA",6,"Georgia","Tom Price","R",TRUE,"Tom","Price","GA06_R_Price"
"GA07","GA",7,"Georgia","Steve Reilly","D",FALSE,"Steve","Reilly","GA07_D_Reilly"
"GA07","GA",7,"Georgia","Rob Woodall","R",TRUE,"Rob","Woodall","GA07_R_Woodall"
"GA08","GA",8,"Georgia","Austin Scott","R",TRUE,"Austin","Scott","GA08_R_Scott"
"GA09","GA",9,"Georgia","Jody Cooley","D",FALSE,"Jody","Cooley","GA09_D_Cooley"
"GA09","GA",9,"Georgia","Doug Collins","R",FALSE,"Doug","Collins","GA09_R_Collins"
"GA10","GA",10,"Georgia","Paul Broun","R",TRUE,"Paul","Broun","GA10_R_Broun"
"GA11","GA",11,"Georgia","Patrick Thompson","D",FALSE,"Patrick","Thompson","GA11_D_Thompson"
"GA11","GA",11,"Georgia","Phil Gingrey","R",TRUE,"Phil","Gingrey","GA11_R_Gingrey"
"GA12","GA",12,"Georgia","John Barrow","D",TRUE,"John","Barrow","GA12_D_Barrow"
"GA12","GA",12,"Georgia","Lee Anderson","R",FALSE,"Lee","Anderson","GA12_R_Anderson"
"GA13","GA",13,"Georgia","David Scott","D",TRUE,"David","Scott","GA13_D_Scott"
"GA13","GA",13,"Georgia","Shahid Malik","R",FALSE,"Shahid","Malik","GA13_R_Malik"
"GA14","GA",14,"Georgia","Dan Grant","D",FALSE,"Dan","Grant","GA14_D_Grant"
"GA14","GA",14,"Georgia","Tom Graves","R",TRUE,"Tom","Graves","GA14_R_Graves"
"HI01","HI",1,"Hawaii","Colleen Hanabusa","D",TRUE,"Colleen","Hanabusa","HI01_D_Hanabusa"
"HI01","HI",1,"Hawaii","Charles Djou","R",FALSE,"Charles","Djou","HI01_R_Djou"
"HI02","HI",2,"Hawaii","Tulsi Gabbard","D",FALSE,"Tulsi","Gabbard","HI02_D_Gabbard"
"HI02","HI",2,"Hawaii","Kawika Crowley","R",FALSE,"Kawika","Crowley","HI02_R_Crowley"
"IA01","IA",1,"Iowa","Bruce Braley","D",TRUE,"Bruce","Braley","IA01_D_Braley"
"IA01","IA",1,"Iowa","Ben Lange","R",FALSE,"Ben","Lange","IA01_R_Lange"
"IA02","IA",2,"Iowa","Dave Loebsack","D",TRUE,"Dave","Loebsack","IA02_D_Loebsack"
"IA02","IA",2,"Iowa","John Archer","R",FALSE,"John","Archer","IA02_R_Archer"
"IA03","IA",3,"Iowa","Leonard Boswell","D",TRUE,"Leonard","Boswell","IA03_D_Boswell"
"IA03","IA",3,"Iowa","Tom Latham","R",TRUE,"Tom","Latham","IA03_R_Latham"
"IA04","IA",4,"Iowa","Christie Vilsack","D",FALSE,"Christie","Vilsack","IA04_D_Vilsack"
"IA04","IA",4,"Iowa","Steve King","R",TRUE,"Steve","King","IA04_R_King"
"ID01","ID",1,"Idaho","Jimmy Farris","D",FALSE,"Jimmy","Farris","ID01_D_Farris"
"ID01","ID",1,"Idaho","Raul Labrador","R",TRUE,"Raul","Labrador","ID01_R_Labrador"
"ID02","ID",2,"Idaho","Nicole LeFavour","D",FALSE,"Nicole","Lefavour","ID02_D_Lefavour"
"ID02","ID",2,"Idaho","Mike Simpson","R",TRUE,"Mike","Simpson","ID02_R_Simpson"
"IL01","IL",1,"Illinois","Bobby Rush","D",TRUE,"Bobby","Rush","IL01_D_Rush"
"IL01","IL",1,"Illinois","Donald Peloquin","R",FALSE,"Donald","Peloquin","IL01_R_Peloquin"
"IL02","IL",2,"Illinois","Jesse Jackson Jr.","D",TRUE,"Jesse","Jackson","IL02_D_Jackson"
"IL02","IL",2,"Illinois","Brian Woodworth","R",FALSE,"Brian","Woodworth","IL02_R_Woodworth"
"IL03","IL",3,"Illinois","Dan Lipinski","D",TRUE,"Dan","Lipinski","IL03_D_Lipinski"
"IL03","IL",3,"Illinois","Richard Grabowski","R",FALSE,"Richard","Grabowski","IL03_R_Grabowski"
"IL04","IL",4,"Illinois","Luis Gutierrez","D",TRUE,"Luis","Gutierrez","IL04_D_Gutierrez"
"IL04","IL",4,"Illinois","Hector Concepcion","R",FALSE,"Hector","Concepcion","IL04_R_Concepcion"
"IL05","IL",5,"Illinois","Mike Quigley","D",TRUE,"Mike","Quigley","IL05_D_Quigley"
"IL05","IL",5,"Illinois","Dan Schmitt","R",FALSE,"Dan","Schmitt","IL05_R_Schmitt"
"IL06","IL",6,"Illinois","Leslie Coolidge","D",FALSE,"Leslie","Coolidge","IL06_D_Coolidge"
"IL06","IL",6,"Illinois","Peter Roskam","R",TRUE,"Peter","Roskam","IL06_R_Roskam"
"IL07","IL",7,"Illinois","Danny Davis","D",TRUE,"Danny","Davis","IL07_D_Davis"
"IL08","IL",8,"Illinois","Tammy Duckworth","D",FALSE,"Tammy","Duckworth","IL08_D_Duckworth"
"IL08","IL",8,"Illinois","Joe Walsh","R",TRUE,"Joe","Walsh","IL08_R_Walsh"
"IL09","IL",9,"Illinois","Jan Schakowsky","D",TRUE,"Jan","Schakowsky","IL09_D_Schakowsky"
"IL09","IL",9,"Illinois","Timothy Wolfe","R",FALSE,"Tim","Wolfe","IL09_R_Wolfe"
"IL10","IL",10,"Illinois","Brad Schneider","D",FALSE,"Brad","Schneider","IL10_D_Schneider"
"IL10","IL",10,"Illinois","Robert Dold","R",TRUE,"Robert","Dold","IL10_R_Dold"
"IL11","IL",11,"Illinois","Bill Foster","D",FALSE,"Bill","Foster","IL11_D_Foster"
"IL11","IL",11,"Illinois","Judy Biggert","R",TRUE,"Judy","Biggert","IL11_R_Biggert"
"IL12","IL",12,"Illinois","Bill Enyart","D",FALSE,"Bill","Enyart","IL12_D_Enyart"
"IL12","IL",12,"Illinois","Jason Plummer","R",FALSE,"Jason","Plummer","IL12_R_Plummer"
"IL13","IL",13,"Illinois","David Gill","D",FALSE,"David","Gill","IL13_D_Gill"
"IL13","IL",13,"Illinois","Rodney Davis","R",FALSE,"Rodney","Davis","IL13_R_Davis"
"IL14","IL",14,"Illinois","Dennis Anderson","D",FALSE,"Dennis","Anderson","IL14_D_Anderson"
"IL14","IL",14,"Illinois","Randy Hultgren","R",TRUE,"Randy","Hultgren","IL14_R_Hultgren"
"IL15","IL",15,"Illinois","Angela Michael","D",FALSE,"Angela","Michael","IL15_D_Michael"
"IL15","IL",15,"Illinois","John Shimkus","R",TRUE,"John","Shimkus","IL15_R_Shimkus"
"IL16","IL",16,"Illinois","Wanda Rohl","D",FALSE,"Wanda","Rohl","IL16_D_Rohl"
"IL16","IL",16,"Illinois","Adam Kinzinger","R",TRUE,"Adam","Kinzinger","IL16_R_Kinzinger"
"IL17","IL",17,"Illinois","Cheri Bustos","D",FALSE,"Cheri","Bustos","IL17_D_Bustos"
"IL17","IL",17,"Illinois","Bobby Schilling","R",TRUE,"Bobby","Schilling","IL17_R_Schilling"
"IL18","IL",18,"Illinois","Steve Waterworth","D",FALSE,"Steve","Waterworth","IL18_D_Waterworth"
"IL18","IL",18,"Illinois","Aaron Schock","R",TRUE,"Aaron","Schock","IL18_R_Schock"
"IN01","IN",1,"Indiana","Peter Visclosky","D",TRUE,"Pete","Visclosky","IN01_D_Visclosky"
"IN01","IN",1,"Indiana","Joel Phelps","R",FALSE,"Joel","Phelps","IN01_R_Phelps"
"IN02","IN",2,"Indiana","Brendan Mullen","D",FALSE,"Brendan","Mullen","IN02_D_Mullen"
"IN02","IN",2,"Indiana","Jackie Walorski","R",FALSE,"Jackie","Walorski","IN02_R_Walorski"
"IN03","IN",3,"Indiana","Kevin Boyd","D",FALSE,"Kevin","Boyd","IN03_D_Boyd"
"IN03","IN",3,"Indiana","Marlin Stutzman","R",TRUE,"Marlin","Stutzman","IN03_R_Stutzman"
"IN04","IN",4,"Indiana","Tara Nelson","D",FALSE,"Tara","Nelson","IN04_D_Nelson"
"IN04","IN",4,"Indiana","Todd Rokita","R",TRUE,"Todd","Rokita","IN04_R_Rokita"
"IN05","IN",5,"Indiana","Scott Reske","D",FALSE,"Scott","Reske","IN05_D_Reske"
"IN05","IN",5,"Indiana","Susan Brooks","R",FALSE,"Susan","Brooks","IN05_R_Brooks"
"IN06","IN",6,"Indiana","Bradley Bookout","D",FALSE,"Bradley","Bookout","IN06_D_Bookout"
"IN06","IN",6,"Indiana","Luke Messer","R",FALSE,"Luke","Messer","IN06_R_Messer"
"IN07","IN",7,"Indiana","Andre Carson","D",TRUE,"Andre","Carson","IN07_D_Carson"
"IN07","IN",7,"Indiana","Carlos May","R",FALSE,"Carlos","May","IN07_R_May"
"IN08","IN",8,"Indiana","Dave Crooks","D",FALSE,"David","Crooks","IN08_D_Crooks"
"IN08","IN",8,"Indiana","Larry Bucshon","R",TRUE,"Larry","Bucshon","IN08_R_Bucshon"
"IN09","IN",9,"Indiana","Shelli Yoder","D",FALSE,"Shelli","Yoder","IN09_D_Yoder"
"IN09","IN",9,"Indiana","Todd Young","R",TRUE,"Todd","Young","IN09_R_Young"
"KS01","KS",1,"Kansas","Tim Huelskamp","R",TRUE,"Tim","Huelskamp","KS01_R_Huelskamp"
"KS02","KS",2,"Kansas","Tobias Schlingensiepen","D",FALSE,"Tobias","Schlingensiepen","KS02_D_Schlingensiepen"
"KS02","KS",2,"Kansas","Lynn Jenkins","R",TRUE,"Lynn","Jenkins","KS02_R_Jenkins"
"KS03","KS",3,"Kansas","Kevin Yoder","R",TRUE,"Kevin","Yoder","KS03_R_Yoder"
"KS04","KS",4,"Kansas","Robert Tillman","D",FALSE,"Robert","Tillman","KS04_D_Tillman"
"KS04","KS",4,"Kansas","Mike Pompeo","R",TRUE,"Mike","Pompeo","KS04_R_Pompeo"
"KY01","KY",1,"Kentucky","Charles Hatchett","D",FALSE,"Charles","Hatchett","KY01_D_Hatchett"
"KY01","KY",1,"Kentucky","Ed Whitfield","R",TRUE,"Ed","Whitfield","KY01_R_Whitfield"
"KY02","KY",2,"Kentucky","David Williams","D",FALSE,"David","Williams","KY02_D_Williams"
"KY02","KY",2,"Kentucky","Brett Guthrie","R",TRUE,"Brett","Guthrie","KY02_R_Guthrie"
"KY03","KY",3,"Kentucky","John Yarmuth","D",TRUE,"John","Yarmuth","KY03_D_Yarmuth"
"KY03","KY",3,"Kentucky","Brooks Wicker","R",FALSE,"Brooks","Wicker","KY03_R_Wicker"
"KY04","KY",4,"Kentucky","William Adkins","D",FALSE,"Bill","Adkins","KY04_D_Adkins"
"KY04","KY",4,"Kentucky","Thomas Massie","R",FALSE,"Thomas","Massie","KY04_R_Massie"
"KY05","KY",5,"Kentucky","Kenneth Stepp","D",FALSE,"Ken","Stepp","KY05_D_Stepp"
"KY05","KY",5,"Kentucky","Hal Rogers","R",TRUE,"Hal","Rogers","KY05_R_Rogers"
"KY06","KY",6,"Kentucky","Ben Chandler","D",TRUE,"Ben","Chandler","KY06_D_Chandler"
"KY06","KY",6,"Kentucky","Andy Barr","R",FALSE,"Andy","Barr","KY06_R_Barr"
"LA01","LA",1,"Louisiana","Steve Scalise","R",TRUE,"Steve","Scalise","LA01_R_Scalise"
"LA02","LA",2,"Louisiana","Cedric Richmond","D",TRUE,"Cedric","Richmond","LA02_D_Richmond"
"LA02","LA",2,"Louisiana","Gail Dignam","R",FALSE,"Gail","Dignam","LA02_R_Dignam"
"LA03","LA",3,"Louisiana","Charles Boustany","R",TRUE,"Charles","Boustany","LA03_R_Boustany"
"LA03","LA",3,"Louisiana","Jeff Landry","R",TRUE,"Jeff","Landry","LA03_R_Landry"
"LA04","LA",4,"Louisiana","John Fleming","R",TRUE,"John","Fleming","LA04_R_Fleming"
"LA05","LA",5,"Louisiana","Rodney Alexander","R",TRUE,"Rodney","Alexander","LA05_R_Alexander"
"LA06","LA",6,"Louisiana","Bill Cassidy","R",TRUE,"Bill","Cassidy","LA06_R_Cassidy"
"MA01","MA",1,"Massachusetts","Richard Neal","D",TRUE,"Richard","Neal","MA01_D_Neal"
"MA02","MA",2,"Massachusetts","James McGovern","D",TRUE,"James","McGovern","MA02_D_McGovern"
"MA03","MA",3,"Massachusetts","Niki Tsongas","D",TRUE,"Niki","Tsongas","MA03_D_Tsongas"
"MA04","MA",4,"Massachusetts","Joe Kennedy","D",FALSE,"Joe","Kennedy","MA04_D_Kennedy"
"MA04","MA",4,"Massachusetts","Sean Bielat","R",FALSE,"Sean","Bielat","MA04_R_Bielat"
"MA05","MA",5,"Massachusetts","Ed Markey","D",TRUE,"Ed","Markey","MA05_D_Markey"
"MA05","MA",5,"Massachusetts","Tom Tierney","R",FALSE,"Tom","Tierney","MA05_R_Tierney"
"MA06","MA",6,"Massachusetts","John Tierney","D",TRUE,"John","Tierney","MA06_D_Tierney"
"MA06","MA",6,"Massachusetts","Richard Tisei","R",FALSE,"Richard","Tisei","MA06_R_Tisei"
"MA07","MA",7,"Massachusetts","Mike Capuano","D",TRUE,"Mike","Capuano","MA07_D_Capuano"
"MA08","MA",8,"Massachusetts","Stephen Lynch","D",TRUE,"Stephen","Lynch","MA08_D_Lynch"
"MA08","MA",8,"Massachusetts","Joe Selvaggi","R",FALSE,"Joe","Selvaggi","MA08_R_Selvaggi"
"MA09","MA",9,"Massachusetts","Bill Keating","D",TRUE,"Bill","Keating","MA09_D_Keating"
"MA09","MA",9,"Massachusetts","Adam Chaprales","R",FALSE,"Adam","Chaprales","MA09_R_Chaprales"
"MD01","MD",1,"Maryland","Wendy Rosen","D",FALSE,"Wendy","Rosen","MD01_D_Rosen"
"MD01","MD",1,"Maryland","Andy Harris","R",TRUE,"Andy","Harris","MD01_R_Harris"
"MD02","MD",2,"Maryland","Dutch Ruppersberger","D",TRUE,"Dutch","Ruppersberger","MD02_D_Ruppersberger"
"MD02","MD",2,"Maryland","Nancy Jacobs","R",FALSE,"Nancy","Jacobs","MD02_R_Jacobs"
"MD03","MD",3,"Maryland","John Sarbanes","D",TRUE,"John","Sarbanes","MD03_D_Sarbanes"
"MD03","MD",3,"Maryland","Eric Knowles","R",FALSE,"Eric","Knowles","MD03_R_Knowles"
"MD04","MD",4,"Maryland","Donna Edwards","D",TRUE,"Donna","Edwards","MD04_D_Edwards"
"MD04","MD",4,"Maryland","Faith Loudon","R",FALSE,"Faith","Loudon","MD04_R_Loudon"
"MD05","MD",5,"Maryland","Steny Hoyer","D",TRUE,"Steny","Hoyer","MD05_D_Hoyer"
"MD05","MD",5,"Maryland","Tony O'Donnell","R",FALSE,"Tony","O'Donnell","MD05_R_O'Donnell"
"MD06","MD",6,"Maryland","John Delaney","D",FALSE,"John","Delaney","MD06_D_Delaney"
"MD06","MD",6,"Maryland","Roscoe Bartlett","R",TRUE,"Roscoe","Bartlett","MD06_R_Bartlett"
"MD07","MD",7,"Maryland","Elijah Cummings","D",TRUE,"Elijah","Cummings","MD07_D_Cummings"
"MD07","MD",7,"Maryland","Frank Mirabile","R",FALSE,"Frank","Mirabile","MD07_R_Mirabile"
"MD08","MD",8,"Maryland","Chris Van Hollen","D",TRUE,"Chris","Van Hollen","MD08_D_Van Hollen"
"MD08","MD",8,"Maryland","Ken Timmerman","R",FALSE,"Ken","Timmerman","MD08_R_Timmerman"
"ME01","ME",1,"Maine","Chellie Pingree","D",TRUE,"Chellie","Pingree","ME01_D_Pingree"
"ME01","ME",1,"Maine","Jonathan Courtney","R",FALSE,"Jon","Courtney","ME01_R_Courtney"
"ME02","ME",2,"Maine","Mike Michaud","D",TRUE,"Mike","Michaud","ME02_D_Michaud"
"ME02","ME",2,"Maine","Kevin Raye","R",FALSE,"Kevin","Raye","ME02_R_Raye"
"MI01","MI",1,"Michigan","Gary McDowell","D",FALSE,"Gary","McDowell","MI01_D_McDowell"
"MI01","MI",1,"Michigan","Dan Benishek","R",TRUE,"Dan","Benishek","MI01_R_Benishek"
"MI02","MI",2,"Michigan","Bill Huizenga","R",TRUE,"Bill","Huizenga","MI02_R_Huizenga"
"MI03","MI",3,"Michigan","Steve Pestka","D",FALSE,"Steve","Pestka","MI03_D_Pestka"
"MI03","MI",3,"Michigan","Justin Amash","R",TRUE,"Justin","Amash","MI03_R_Amash"
"MI04","MI",4,"Michigan","Dave Camp","R",TRUE,"Dave","Camp","MI04_R_Camp"
"MI05","MI",5,"Michigan","Dan Kildee","D",FALSE,"Dan","Kildee","MI05_D_Kildee"
"MI05","MI",5,"Michigan","Jim Slezak","R",FALSE,"Jim","Slezak","MI05_R_Slezak"
"MI06","MI",6,"Michigan","Mike O'Brien","D",FALSE,"Mike","O'Brien","MI06_D_O'Brien"
"MI06","MI",6,"Michigan","Fred Upton","R",TRUE,"Fred","Upton","MI06_R_Upton"
"MI07","MI",7,"Michigan","Kurt Haskell","D",FALSE,"Kurt","Haskell","MI07_D_Haskell"
"MI07","MI",7,"Michigan","Tim Walberg","R",TRUE,"Tim","Walberg","MI07_R_Walberg"
"MI08","MI",8,"Michigan","Lance Enderle","D",FALSE,"Lance","Enderle","MI08_D_Enderle"
"MI08","MI",8,"Michigan","Mike Rogers","R",TRUE,"Mike","Rogers","MI08_R_Rogers"
"MI09","MI",9,"Michigan","Sander Levin","D",TRUE,"Sander","Levin","MI09_D_Levin"
"MI09","MI",9,"Michigan","Donald Volaric","R",FALSE,"Donald","Volaric","MI09_R_Volaric"
"MI10","MI",10,"Michigan","Chuck Stadler","D",FALSE,"Chuck","Stadler","MI10_D_Stadler"
"MI10","MI",10,"Michigan","Candice Miller","R",TRUE,"Candice","Miller","MI10_R_Miller"
"MI11","MI",11,"Michigan","Syed Taj","D",FALSE,"Syed","Taj","MI11_D_Taj"
"MI11","MI",11,"Michigan","Kerry Bentivolio","R",FALSE,"Kerry","Bentivolio","MI11_R_Bentivolio"
"MI12","MI",12,"Michigan","John Dingell","D",TRUE,"John","Dingell","MI12_D_Dingell"
"MI12","MI",12,"Michigan","Cynthia Kallgren","R",FALSE,"Cynthia","Kallgren","MI12_R_Kallgren"
"MI13","MI",13,"Michigan","John Conyers","D",TRUE,"John","Conyers","MI13_D_Conyers"
"MI13","MI",13,"Michigan","Harry Sawicki","R",FALSE,"Harry","Sawicki","MI13_R_Sawicki"
"MI14","MI",14,"Michigan","Gary Peters","D",TRUE,"Gary","Peters","MI14_D_Peters"
"MI14","MI",14,"Michigan","John Hauler","R",FALSE,"John","Hauler","MI14_R_Hauler"
"MN01","MN",1,"Minnesota","Tim Walz","D",TRUE,"Tim","Walz","MN01_D_Walz"
"MN01","MN",1,"Minnesota","Allen Quist","R",FALSE,"Allen","Quist","MN01_R_Quist"
"MN02","MN",2,"Minnesota","Mike Obermueller","D",FALSE,"Mike","Obermueller","MN02_D_Obermueller"
"MN02","MN",2,"Minnesota","John Kline","R",TRUE,"John","Kline","MN02_R_Kline"
"MN03","MN",3,"Minnesota","Brian Barnes","D",FALSE,"Brian","Barnes","MN03_D_Barnes"
"MN03","MN",3,"Minnesota","Erik Paulsen","R",TRUE,"Erik","Paulsen","MN03_R_Paulsen"
"MN04","MN",4,"Minnesota","Betty McCollum","D",TRUE,"Betty","McCollum","MN04_D_McCollum"
"MN04","MN",4,"Minnesota","Anthony Hernandez","R",FALSE,"Anthony","Hernandez","MN04_R_Hernandez"
"MN05","MN",5,"Minnesota","Keith Ellison","D",TRUE,"Keith","Ellison","MN05_D_Ellison"
"MN05","MN",5,"Minnesota","Chris Fields","R",FALSE,"Chris","Fields","MN05_R_Fields"
"MN06","MN",6,"Minnesota","Jim Graves","D",FALSE,"Jim","Graves","MN06_D_Graves"
"MN06","MN",6,"Minnesota","Michele Bachmann","R",TRUE,"Michele","Bachmann","MN06_R_Bachmann"
"MN07","MN",7,"Minnesota","Collin Peterson","D",TRUE,"Collin","Peterson","MN07_D_Peterson"
"MN07","MN",7,"Minnesota","Lee Byberg","R",FALSE,"Lee","Byberg","MN07_R_Byberg"
"MN08","MN",8,"Minnesota","Rick Nolan","D",FALSE,"Rick","Nolan","MN08_D_Nolan"
"MN08","MN",8,"Minnesota","Chip Cravaack","R",TRUE,"Chip","Cravaack","MN08_R_Cravaack"
"MO01","MO",1,"Missouri","Lacy Clay","D",TRUE,"Lacy","Clay","MO01_D_Clay"
"MO01","MO",1,"Missouri","Robyn Hamlin","R",FALSE,"Robyn","Hamlin","MO01_R_Hamlin"
"MO02","MO",2,"Missouri","Glenn Koenen","D",FALSE,"Glenn","Koenen","MO02_D_Koenen"
"MO02","MO",2,"Missouri","Ann Wagner","R",FALSE,"Ann","Wagner","MO02_R_Wagner"
"MO03","MO",3,"Missouri","Eric Mayer","D",FALSE,"Eric","Mayer","MO03_D_Mayer"
"MO03","MO",3,"Missouri","Blaine Luetkemeyer","R",TRUE,"Blaine","Luetkemeyer","MO03_R_Luetkemeyer"
"MO04","MO",4,"Missouri","Teresa Hensley","D",FALSE,"Teresa","Hensley","MO04_D_Hensley"
"MO04","MO",4,"Missouri","Vicky Hartzler","R",TRUE,"Vicky","Hartzler","MO04_R_Hartzler"
"MO05","MO",5,"Missouri","Emanuel Cleaver","D",TRUE,"Emanuel","Cleaver","MO05_D_Cleaver"
"MO05","MO",5,"Missouri","Jacob Turk","R",FALSE,"Jacob","Turk","MO05_R_Turk"
"MO06","MO",6,"Missouri","Kyle Yarber","D",FALSE,"Kyle","Yarber","MO06_D_Yarber"
"MO06","MO",6,"Missouri","Sam Graves","R",TRUE,"Sam","Graves","MO06_R_Graves"
"MO07","MO",7,"Missouri","Jim Evans","D",FALSE,"Jim","Evans","MO07_D_Evans"
"MO07","MO",7,"Missouri","Billy Long","R",TRUE,"Billy","Long","MO07_R_Long"
"MO08","MO",8,"Missouri","Jack Rushin","D",FALSE,"Jack","Rushin","MO08_D_Rushin"
"MO08","MO",8,"Missouri","Jo Emerson","R",TRUE,"Jo","Emerson","MO08_R_Emerson"
"MS01","MS",1,"Mississippi","Brad Morris","D",FALSE,"Brad","Morris","MS01_D_Morris"
"MS01","MS",1,"Mississippi","Alan Nunnelee","R",TRUE,"Alan","Nunnelee","MS01_R_Nunnelee"
"MS02","MS",2,"Mississippi","Bennie Thompson","D",TRUE,"Bennie","Thompson","MS02_D_Thompson"
"MS02","MS",2,"Mississippi","Bill Marcy","R",FALSE,"Bill","Marcy","MS02_R_Marcy"
"MS03","MS",3,"Mississippi","Crystal Biggs","D",FALSE,"Crystal","Biggs","MS03_D_Biggs"
"MS03","MS",3,"Mississippi","Gregg Harper","R",TRUE,"Gregg","Harper","MS03_R_Harper"
"MS04","MS",4,"Mississippi","Michael Herrington","D",FALSE,"Michael","Herrington","MS04_D_Herrington"
"MS04","MS",4,"Mississippi","Steven Palazzo","R",TRUE,"Steven","Palazzo","MS04_R_Palazzo"
"MT00","MT",1,"Montana","Kim Gillan","D",FALSE,"Kim","Gillan","MT01_D_Gillan"
"MT00","MT",1,"Montana","Steve Daines","R",FALSE,"Steve","Daines","MT01_R_Daines"
"NC01","NC",1,"North Carolina","G.K. Butterfield","D",TRUE,"G","Butterfield","NC01_D_Butterfield"
"NC01","NC",1,"North Carolina","Pete DiLauro","R",FALSE,"Peter","DiLauro","NC01_R_DiLauro"
"NC02","NC",2,"North Carolina","Steve Wilkins","D",FALSE,"Steve","Wilkins","NC02_D_Wilkins"
"NC02","NC",2,"North Carolina","Renee Ellmers","R",TRUE,"Renee","Ellmers","NC02_R_Ellmers"
"NC03","NC",3,"North Carolina","Erik Anderson","D",FALSE,"Erik","Anderson","NC03_D_Anderson"
"NC03","NC",3,"North Carolina","Walter Jones","R",TRUE,"Walter","Jones","NC03_R_Jones"
"NC04","NC",4,"North Carolina","David Price","D",TRUE,"David","Price","NC04_D_Price"
"NC04","NC",4,"North Carolina","Tim D'Annunzio","R",FALSE,"Tim","D'Annunzio","NC04_R_D'Annunzio"
"NC05","NC",5,"North Carolina","Elisabeth Motsinger","D",FALSE,"Elisabeth","Motsinger","NC05_D_Motsinger"
"NC05","NC",5,"North Carolina","Virginia Foxx","R",TRUE,"Virginia","Foxx","NC05_R_Foxx"
"NC06","NC",6,"North Carolina","Tony Foriest","D",FALSE,"Tony","Foriest","NC06_D_Foriest"
"NC06","NC",6,"North Carolina","Howard Coble","R",TRUE,"Howard","Coble","NC06_R_Coble"
"NC07","NC",7,"North Carolina","Mike McIntyre","D",TRUE,"Mike","McIntyre","NC07_D_McIntyre"
"NC07","NC",7,"North Carolina","David Rouzer","R",FALSE,"David","Rouzer","NC07_R_Rouzer"
"NC08","NC",8,"North Carolina","Larry Kissell","D",TRUE,"Larry","Kissell","NC08_D_Kissell"
"NC08","NC",8,"North Carolina","Richard Hudson","R",FALSE,"Richard","Hudson","NC08_R_Hudson"
"NC09","NC",9,"North Carolina","Jennifer Roberts","D",FALSE,"Jennifer","Roberts","NC09_D_Roberts"
"NC09","NC",9,"North Carolina","Robert Pittenger","R",FALSE,"Robert","Pittenger","NC09_R_Pittenger"
"NC10","NC",10,"North Carolina","Patsy Keever","D",FALSE,"Patsy","Keever","NC10_D_Keever"
"NC10","NC",10,"North Carolina","Patrick McHenry","R",TRUE,"Patrick","McHenry","NC10_R_McHenry"
"NC11","NC",11,"North Carolina","Hayden Rogers","D",FALSE,"Hayden","Rogers","NC11_D_Rogers"
"NC11","NC",11,"North Carolina","Mark Meadows","R",FALSE,"Mark","Meadows","NC11_R_Meadows"
"NC12","NC",12,"North Carolina","Mel Watt","D",TRUE,"Melvin","Watt","NC12_D_Watt"
"NC12","NC",12,"North Carolina","Jack Brosch","R",FALSE,"Jack","Brosch","NC12_R_Brosch"
"NC13","NC",13,"North Carolina","Charles Malone","D",FALSE,"Charles","Malone","NC13_D_Malone"
"NC13","NC",13,"North Carolina","George Holding","R",FALSE,"George","Holding","NC13_R_Holding"
"ND00","ND",1,"North Dakota","Pam Gulleson","D",FALSE,"Pam","Gulleson","ND01_D_Gulleson"
"ND00","ND",1,"North Dakota","Kevin Cramer","R",FALSE,"Kevin","Cramer","ND01_R_Cramer"
"NE01","NE",1,"Nebraska","Korey Reiman","D",FALSE,"Korey","Reiman","NE01_D_Reiman"
"NE01","NE",1,"Nebraska","Jeff Fortenberry","R",TRUE,"Jeff","Fortenberry","NE01_R_Fortenberry"
"NE02","NE",2,"Nebraska","John Ewing","D",FALSE,"John","Ewing","NE02_D_Ewing"
"NE02","NE",2,"Nebraska","Lee Terry","R",TRUE,"Lee","Terry","NE02_R_Terry"
"NE03","NE",3,"Nebraska","Mark Sullivan","D",FALSE,"Mark","Sullivan","NE03_D_Sullivan"
"NE03","NE",3,"Nebraska","Adrian Smith","R",TRUE,"Adrian","Smith","NE03_R_Smith"
"NH01","NH",1,"New Hampshire","Carol Shea-Porter","D",FALSE,"Carol","Shea-Porter","NH01_D_Shea-Porter"
"NH01","NH",1,"New Hampshire","Frank Guinta","R",TRUE,"Frank","Guinta","NH01_R_Guinta"
"NH02","NH",2,"New Hampshire","Ann Kuster","D",FALSE,"Ann","Kuster","NH02_D_Kuster"
"NH02","NH",2,"New Hampshire","Charles Bass","R",TRUE,"Charles","Bass","NH02_R_Bass"
"NJ01","NJ",1,"New Jersey","Robert Andrews","D",TRUE,"Robert","Andrews","NJ01_D_Andrews"
"NJ01","NJ",1,"New Jersey","Greg Horton","R",FALSE,"Gregory","Horton","NJ01_R_Horton"
"NJ02","NJ",2,"New Jersey","Cassandra Shober","D",FALSE,"Cassandra","Shober","NJ02_D_Shober"
"NJ02","NJ",2,"New Jersey","Frank LoBiondo","R",TRUE,"Frank","LoBiondo","NJ02_R_LoBiondo"
"NJ03","NJ",3,"New Jersey","Shelley Adler","D",FALSE,"Shelley","Adler","NJ03_D_Adler"
"NJ03","NJ",3,"New Jersey","Jon Runyan","R",TRUE,"Jon","Runyan","NJ03_R_Runyan"
"NJ04","NJ",4,"New Jersey","Brian Froelich","D",FALSE,"Brian","Froelich","NJ04_D_Froelich"
"NJ04","NJ",4,"New Jersey","Chris Smith","R",TRUE,"Chris","Smith","NJ04_R_Smith"
"NJ05","NJ",5,"New Jersey","Adam Gussen","D",FALSE,"Adam","Gussen","NJ05_D_Gussen"
"NJ05","NJ",5,"New Jersey","Scott Garrett","R",TRUE,"Scott","Garrett","NJ05_R_Garrett"
"NJ06","NJ",6,"New Jersey","Frank Pallone","D",TRUE,"Frank","Pallone","NJ06_D_Pallone"
"NJ06","NJ",6,"New Jersey","Anna Little","R",FALSE,"Anna","Little","NJ06_R_Little"
"NJ07","NJ",7,"New Jersey","Upendra Chivukula","D",FALSE,"Upendra","Chivukula","NJ07_D_Chivukula"
"NJ07","NJ",7,"New Jersey","Leonard Lance","R",TRUE,"Leonard","Lance","NJ07_R_Lance"
"NJ08","NJ",8,"New Jersey","Albio Sires","D",TRUE,"Albio","Sires","NJ08_D_Sires"
"NJ08","NJ",8,"New Jersey","Maria Karczewski","R",FALSE,"Maria","Karczewski","NJ08_R_Karczewski"
"NJ09","NJ",9,"New Jersey","Bill Pascrell","D",TRUE,"Bill","Pascrell","NJ09_D_Pascrell"
"NJ09","NJ",9,"New Jersey","Shmuley Boteach","R",FALSE,"Shmuley","Boteach","NJ09_R_Boteach"
"NJ10","NJ",10,"New Jersey","Donald Payne Jr.","D",FALSE,"Donald","Payne","NJ10_D_Payne"
"NJ10","NJ",10,"New Jersey","Brian Kelemen","R",FALSE,"Brian","Keleman","NJ10_R_Keleman"
"NJ11","NJ",11,"New Jersey","John Arvanites","D",FALSE,"John","Arvanites","NJ11_D_Arvanites"
"NJ11","NJ",11,"New Jersey","Rodney Frelinghuysen","R",TRUE,"Rodney","Frelinghuysen","NJ11_R_Frelinghuysen"
"NJ12","NJ",12,"New Jersey","Rush Holt","D",TRUE,"Rush","Holt","NJ12_D_Holt"
"NJ12","NJ",12,"New Jersey","Eric Beck","R",FALSE,"Eric","Beck","NJ12_R_Beck"
"NM01","NM",1,"New Mexico","Michelle Lujan Grisham","D",FALSE,"Michelle","Grisham","NM01_D_Grisham"
"NM01","NM",1,"New Mexico","Janice Arnold-Jones","R",FALSE,"Janice","Arnold-Jones","NM01_R_Arnold-Jones"
"NM02","NM",2,"New Mexico","Evelyn Erhard","D",FALSE,"Evelyn","Erhard","NM02_D_Erhard"
"NM02","NM",2,"New Mexico","Steve Pearce","R",TRUE,"Steve","Pearce","NM02_R_Pearce"
"NM03","NM",3,"New Mexico","Ben R. Lujan","D",TRUE,"Ben","Lujan","NM03_D_Lujan"
"NM03","NM",3,"New Mexico","Jefferson Byrd","R",FALSE,"Jeff","Byrd","NM03_R_Byrd"
"NV01","NV",1,"Nevada","Dina Titus","D",FALSE,"Dina","Titus","NV01_D_Titus"
"NV01","NV",1,"Nevada","Christopher Edwards","R",FALSE,"Chris","Edwards","NV01_R_Edwards"
"NV02","NV",2,"Nevada","Samuel Koepnick","D",FALSE,"Sam","Koepnick","NV02_D_Koepnick"
"NV02","NV",2,"Nevada","Mark Amodei","R",TRUE,"Mark","Amodei","NV02_R_Amodei"
"NV03","NV",3,"Nevada","John Oceguera","D",FALSE,"John","Oceguera","NV03_D_Oceguera"
"NV03","NV",3,"Nevada","Joe Heck","R",TRUE,"Joe","Heck","NV03_R_Heck"
"NV04","NV",4,"Nevada","Steven Horsford","D",FALSE,"Steven","Horsford","NV04_D_Horsford"
"NV04","NV",4,"Nevada","Danny Tarkanian","R",FALSE,"Danny","Tarkanian","NV04_R_Tarkanian"
"NY01","NY",1,"New York","Timothy Bishop","D",TRUE,"Tim","Bishop","NY01_D_Bishop"
"NY01","NY",1,"New York","Randy Altschuler","R",FALSE,"Randy","Altschuler","NY01_R_Altschuler"
"NY02","NY",2,"New York","Vivianne Falcone","D",FALSE,"Vivanne","Falcone","NY02_D_Falcone"
"NY02","NY",2,"New York","Peter King","R",TRUE,"Pete","King","NY02_R_King"
"NY03","NY",3,"New York","Steve Israel","D",TRUE,"Steve","Israel","NY03_D_Israel"
"NY03","NY",3,"New York","Stephen Labate","R",FALSE,"Stephen","Labate","NY03_R_Labate"
"NY04","NY",4,"New York","Carolyn McCarthy","D",TRUE,"Carolyn","McCarthy","NY04_D_McCarthy"
"NY04","NY",4,"New York","Francis Becker","R",FALSE,"Francis","Becker","NY04_R_Becker"
"NY05","NY",5,"New York","Gregory Meeks","D",TRUE,"Gregory","Meeks","NY05_D_Meeks"
"NY05","NY",5,"New York","Allan Jennings","R",FALSE,"Allan","Jennings","NY05_D_Jennings"
"NY06","NY",6,"New York","Grace Meng","D",FALSE,"Grace","Meng","NY06_D_Meng"
"NY06","NY",6,"New York","Daniel Halloran","R",FALSE,"Daniel","Halloran","NY06_R_Halloran"
"NY07","NY",7,"New York","Nydia Velazquez","D",TRUE,"Nydia","Velazquez","NY07_D_Velazquez"
"NY08","NY",8,"New York","Hakeem Jeffries","D",FALSE,"Hakeem","Jeffries","NY08_D_Jeffries"
"NY08","NY",8,"New York","Alan Bellone","R",FALSE,"Alan","Bellone","NY08_R_Bellone"
"NY09","NY",9,"New York","Yvette Clarke","D",TRUE,"Yvette","Clarke","NY09_D_Clarke"
"NY09","NY",9,"New York","Daniel Cavanagh","R",FALSE,"Daniel","Cavanagh","NY09_R_Cavanagh"
"NY10","NY",10,"New York","Jerrold Nadler","D",TRUE,"Jerrold","Nadler","NY10_D_Nadler"
"NY10","NY",10,"New York","Michael Chan","R",FALSE,"Michael","Chan","NY10_R_Chan"
"NY11","NY",11,"New York","Mark Murphy","D",FALSE,"Mark","Murphy","NY11_D_Murphy"
"NY11","NY",11,"New York","Mike Grimm","R",TRUE,"Mike","Grimm","NY11_R_Grimm"
"NY12","NY",12,"New York","Carolyn Maloney","D",TRUE,"Carolyn","Maloney","NY12_D_Maloney"
"NY12","NY",12,"New York","Christopher Wight","R",FALSE,"Christopher","Wight","NY12_R_Wight"
"NY13","NY",13,"New York","Charles Rangel","D",TRUE,"Charles","Rangel","NY13_D_Rangel"
"NY14","NY",14,"New York","Joe Crowley","D",TRUE,"Joseph","Crowley","NY14_D_Crowley"
"NY14","NY",14,"New York","William Gibbons","R",FALSE,"William","Gibbons","NY14_R_Gibbons"
"NY15","NY",15,"New York","Jose E. Serrano","D",TRUE,"Jose","Serrano","NY15_D_Serrano"
"NY15","NY",15,"New York","Frank Della Valle","R",FALSE,"Frank","Valle","NY15_R_Valle"
"NY16","NY",16,"New York","Eliot Engel","D",TRUE,"Eliot","Engel","NY16_D_Engel"
"NY16","NY",16,"New York","Joseph McLaughlin","R",FALSE,"Joseph","McLaughlin","NY16_R_McLaughlin"
"NY17","NY",17,"New York","Nita Lowey","D",TRUE,"Nita","Lowey","NY17_D_Lowey"
"NY17","NY",17,"New York","Joe Carvin","R",FALSE,"Joseph","Carvin","NY17_R_Carvin"
"NY18","NY",18,"New York","Sean Maloney","D",FALSE,"Sean","Maloney","NY18_D_Maloney"
"NY18","NY",18,"New York","Nan Hayworth","R",TRUE,"Nan","Hayworth","NY18_R_Hayworth"
"NY19","NY",19,"New York","Julian Schreibman","D",FALSE,"Julian","Schreibman","NY19_D_Schreibman"
"NY19","NY",19,"New York","Christopher Gibson","R",TRUE,"Chris","Gibson","NY19_R_Gibson"
"NY20","NY",20,"New York","Paul Tonko","D",TRUE,"Paul","Tonko","NY20_D_Tonko"
"NY20","NY",20,"New York","Robert Dieterich","R",FALSE,"Bob","Dieterich","NY20_R_Dieterich"
"NY21","NY",21,"New York","Bill Owens","D",TRUE,"Bill","Owens","NY21_D_Owens"
"NY21","NY",21,"New York","Matthew Doheny","R",FALSE,"Matt","Doheny","NY21_R_Doheny"
"NY22","NY",22,"New York","Dan Lamb","D",FALSE,"Dan","Lamb","NY22_D_Lamb"
"NY22","NY",22,"New York","Richard Hanna","R",TRUE,"Richard","Hanna","NY22_R_Hanna"
"NY23","NY",23,"New York","Nate Shinagawa","D",FALSE,"Nathan","Shinagawa","NY23_D_Shinagawa"
"NY23","NY",23,"New York","Thomas Reed","R",TRUE,"Tom","Reed","NY23_R_Reed"
"NY24","NY",24,"New York","Daniel Maffei","D",FALSE,"Dan","Maffei","NY24_D_Maffei"
"NY24","NY",24,"New York","Ann Marie Buerkle","R",TRUE,"Ann","Buerkle","NY24_R_Buerkle"
"NY25","NY",25,"New York","Louise Slaughter","D",TRUE,"Louise","Slaughter","NY25_D_Slaughter"
"NY25","NY",25,"New York","Maggie Brooks","R",FALSE,"Maggie","Brooks","NY25_R_Brooks"
"NY26","NY",26,"New York","Brian Higgins","D",TRUE,"Brian","Higgins","NY26_D_Higgins"
"NY26","NY",26,"New York","Michael Madigan","R",FALSE,"Mike","Madigan","NY26_R_Madigan"
"NY27","NY",27,"New York","Kathy Hochul","D",TRUE,"Kathy","Hochul","NY27_D_Hochul"
"NY27","NY",27,"New York","Chris Collins","R",FALSE,"Chris","Collins","NY27_R_Collins"
"OH01","OH",1,"Ohio","Jeff Sinnard","D",FALSE,"Jeff","Sinnard","OH01_D_Sinnard"
"OH01","OH",1,"Ohio","Steve Chabot","R",TRUE,"Steve","Chabot","OH01_R_Chabot"
"OH02","OH",2,"Ohio","William Smith","D",FALSE,"William","Smith","OH02_D_Smith"
"OH02","OH",2,"Ohio","Brad Wenstrup","R",FALSE,"Brad","Wenstrup","OH02_R_Wenstrup"
"OH03","OH",3,"Ohio","Joyce Beatty","D",FALSE,"Joyce","Beatty","OH03_D_Beatty"
"OH03","OH",3,"Ohio","Chris Long","R",FALSE,"Chris","Long","OH03_R_Long"
"OH04","OH",4,"Ohio","Jim Slone","D",FALSE,"Jim","Slone","OH04_D_Slone"
"OH04","OH",4,"Ohio","Jim Jordan","R",TRUE,"James","Jordan","OH04_R_Jordan"
"OH05","OH",5,"Ohio","Angela Zimmann","D",FALSE,"Angela","Zimmann","OH05_D_Zimmann"
"OH05","OH",5,"Ohio","Bob Latta","R",TRUE,"Bob","Latta","OH05_R_Latta"
"OH06","OH",6,"Ohio","Charlie Wilson","D",FALSE,"Charlie","Wilson","OH06_D_Wilson"
"OH06","OH",6,"Ohio","Bill Johnson","R",TRUE,"Bill","Johnson","OH06_R_Johnson"
"OH07","OH",7,"Ohio","Joyce Healy-Abrams","D",FALSE,"Joyce","Healy-Abrams","OH07_D_Healy-Abrams"
"OH07","OH",7,"Ohio","Bob Gibbs","R",TRUE,"Bob","Gibbs","OH07_R_Gibbs"
"OH08","OH",8,"Ohio","John Boehner","R",TRUE,"John","Boehner","OH08_R_Boehner"
"OH09","OH",9,"Ohio","Marcy Kaptur","D",TRUE,"Marcy","Kaptur","OH09_D_Kaptur"
"OH09","OH",9,"Ohio","Samuel Wurzelbacher","R",FALSE,"Samuel","Wurzelbacher","OH09_R_Wurzelbacher"
"OH10","OH",10,"Ohio","Sharen Swartz Neuhardt","D",FALSE,"Sharen","Neuhardt","OH10_D_Neuhardt"
"OH10","OH",10,"Ohio","Mike Turner","R",TRUE,"Michael","Turner","OH10_R_Turner"
"OH11","OH",11,"Ohio","Marcia Fudge","D",TRUE,"Marcia","Fudge","OH11_D_Fudge"
"OH12","OH",12,"Ohio","Jim Reese","D",FALSE,"James","Reese","OH12_D_Reese"
"OH12","OH",12,"Ohio","Pat Tiberi","R",TRUE,"Patrick","Tiberi","OH12_R_Tiberi"
"OH13","OH",13,"Ohio","Tim Ryan","D",TRUE,"Tim","Ryan","OH13_D_Ryan"
"OH13","OH",13,"Ohio","Marisha Agana","R",FALSE,"Marisha","Agana","OH13_R_Agana"
"OH14","OH",14,"Ohio","Dale Blanchard","D",FALSE,"Dale","Blanchard","OH14_D_Blanchard"
"OH14","OH",14,"Ohio","Steven LaTourette","R",TRUE,"Steven","LaTourette","OH14_R_LaTourette"
"OH15","OH",15,"Ohio","Pat Lang","D",FALSE,"Pat","Lang","OH15_D_Lang"
"OH15","OH",15,"Ohio","Steve Stivers","R",TRUE,"Steve","Stivers","OH15_R_Stivers"
"OH16","OH",16,"Ohio","Betty Sutton","D",TRUE,"Betty","Sutton","OH16_D_Sutton"
"OH16","OH",16,"Ohio","Jim Renacci","R",TRUE,"Jim","Renacci","OH16_R_Renacci"
"OK01","OK",1,"Oklahoma","John Olson","D",FALSE,"John","Olson","OK01_D_Olson"
"OK01","OK",1,"Oklahoma","Jim Bridenstine","R",FALSE,"James","Bridenstine","OK01_R_Bridenstine"
"OK02","OK",2,"Oklahoma","Rob Wallace","D",FALSE,"Rob","Wallace","OK02_D_Wallace"
"OK02","OK",2,"Oklahoma","Markwayne Mullin","R",FALSE,"Markwayne","Mullin","OK02_R_Mullin"
"OK03","OK",3,"Oklahoma","Timothy Murray","D",FALSE,"Tim","Murray","OK03_D_Murray"
"OK03","OK",3,"Oklahoma","Frank Lucas","R",TRUE,"Frank","Lucas","OK03_R_Lucas"
"OK04","OK",4,"Oklahoma","Donna Bebo","D",FALSE,"Donna","Bebo","OK04_D_Bebo"
"OK04","OK",4,"Oklahoma","Tom Cole","R",TRUE,"Tom","Cole","OK04_R_Cole"
"OK05","OK",5,"Oklahoma","Tom Guild","D",FALSE,"Tom","Guild","OK05_D_Guild"
"OK05","OK",5,"Oklahoma","James Lankford","R",TRUE,"James","Lankford","OK05_R_Lankford"
"OR01","OR",1,"Oregon","Suzanne Bonamici","D",TRUE,"Suzanne","Bonamici","OR01_D_Bonamici"
"OR01","OR",1,"Oregon","Delinda Morgan","R",FALSE,"Delinda","Morgan","OR01_R_Morgan"
"OR02","OR",2,"Oregon","Joyce Segers","D",FALSE,"Joyce","Segers","OR02_D_Segers"
"OR02","OR",2,"Oregon","Greg Walden","R",TRUE,"Greg","Walden","OR02_R_Walden"
"OR03","OR",3,"Oregon","Earl Blumenauer","D",TRUE,"Earl","Blumenauer","OR03_D_Blumenauer"
"OR03","OR",3,"Oregon","Ronald Green","R",FALSE,"Ronald","Green","OR03_R_Green"
"OR04","OR",4,"Oregon","Peter DeFazio","D",TRUE,"Peter","DeFazio","OR04_D_DeFazio"
"OR04","OR",4,"Oregon","Art Robinson","R",FALSE,"Art","Robinson","OR04_R_Robinson"
"OR05","OR",5,"Oregon","Kurt Schrader","D",TRUE,"Kurt","Schrader","OR05_D_Schrader"
"OR05","OR",5,"Oregon","Fred Thompson","R",FALSE,"Fred","Thompson","OR05_R_Thompson"
"PA01","PA",1,"Pennsylvania","Robert Brady","D",TRUE,"Robert","Brady","PA01_D_Brady"
"PA01","PA",1,"Pennsylvania","John Featherman","R",FALSE,"John","Featherman","PA01_R_Featherman"
"PA02","PA",2,"Pennsylvania","Chaka Fattah","D",TRUE,"Chaka","Fattah","PA02_D_Fattah"
"PA02","PA",2,"Pennsylvania","Robert Mansfield","R",FALSE,"Robert","Mansfield","PA02_R_Mansfield"
"PA03","PA",3,"Pennsylvania","Missa Eaton","D",FALSE,"Melissa","Eaton","PA03_D_Eaton"
"PA03","PA",3,"Pennsylvania","Mike Kelly","R",TRUE,"Mike","Kelly","PA03_R_Kelly"
"PA04","PA",4,"Pennsylvania","Harry Perkinson","D",FALSE,"Harry","Perkinson","PA04_D_Perkinson"
"PA04","PA",4,"Pennsylvania","Scott Perry","R",FALSE,"Scott","Perry","PA04_R_Perry"
"PA05","PA",5,"Pennsylvania","Charles Dumas","D",FALSE,"Charles","Dumas","PA05_D_Dumas"
"PA05","PA",5,"Pennsylvania","Glenn Thompson","R",TRUE,"Glenn","Thompson","PA05_R_Thompson"
"PA06","PA",6,"Pennsylvania","Manan Trivedi","D",FALSE,"Manan","Trivedi","PA06_D_Trivedi"
"PA06","PA",6,"Pennsylvania","Jim Gerlach","R",TRUE,"Jim","Gerlach","PA06_R_Gerlach"
"PA07","PA",7,"Pennsylvania","George Badey","D",FALSE,"George","Badey","PA07_D_Badey"
"PA07","PA",7,"Pennsylvania","Patrick Meehan","R",TRUE,"Patrick","Meehan","PA07_R_Meehan"
"PA08","PA",8,"Pennsylvania","Kathy Boockvar","D",FALSE,"Kathryn","Boockvar","PA08_D_Boockvar"
"PA08","PA",8,"Pennsylvania","Mike Fitzpatrick","R",TRUE,"Michael","Fitzpatrick","PA08_R_Fitzpatrick"
"PA09","PA",9,"Pennsylvania","Bill Shuster","R",TRUE,"Bill","Shuster","PA09_R_Shuster"
"PA10","PA",10,"Pennsylvania","Philip Scollo","D",FALSE,"Philip","Scollo","PA10_D_Scollo"
"PA10","PA",10,"Pennsylvania","Thomas Marino","R",TRUE,"Tom","Marino","PA10_R_Marino"
"PA11","PA",11,"Pennsylvania","Gene Stilp","D",FALSE,"Gene","Stilp","PA11_D_Stilp"
"PA11","PA",11,"Pennsylvania","Lou Barletta","R",TRUE,"Lou","Barletta","PA11_R_Barletta"
"PA12","PA",12,"Pennsylvania","Mark Critz","D",TRUE,"Mark","Critz","PA12_D_Critz"
"PA12","PA",12,"Pennsylvania","Keith Rothfus","R",FALSE,"Keith","Rothfus","PA12_R_Rothfus"
"PA13","PA",13,"Pennsylvania","Allyson Schwartz","D",TRUE,"Allyson","Schwartz","PA13_D_Schwartz"
"PA13","PA",13,"Pennsylvania","Joseph Rooney","R",FALSE,"Joe","Rooney","PA13_R_Rooney"
"PA14","PA",14,"Pennsylvania","Mike Doyle","D",TRUE,"Mike","Doyle","PA14_D_Doyle"
"PA14","PA",14,"Pennsylvania","Hans Lessmann","R",FALSE,"Hans","Lessmann","PA14_R_Lessmann"
"PA15","PA",15,"Pennsylvania","Richard Daugherty","D",FALSE,"Rick","Daugherty","PA15_D_Daugherty"
"PA15","PA",15,"Pennsylvania","Charles Dent","R",TRUE,"Charlie","Dent","PA15_R_Dent"
"PA16","PA",16,"Pennsylvania","Aryanna Strader","D",FALSE,"Aryanna","Strader","PA16_D_Strader"
"PA16","PA",16,"Pennsylvania","Joseph Pitts","R",TRUE,"Joe","Pitts","PA16_R_Pitts"
"PA17","PA",17,"Pennsylvania","Matthew Cartwright","D",FALSE,"Matt","Cartwright","PA17_D_Cartwright"
"PA17","PA",17,"Pennsylvania","Laureen Cummings","R",FALSE,"Laureen","Cummings","PA17_R_Cummings"
"PA18","PA",18,"Pennsylvania","Larry Maggi","D",FALSE,"Larry","Maggi","PA18_D_Maggi"
"PA18","PA",18,"Pennsylvania","Tim Murphy","R",TRUE,"Tim","Murphy","PA18_R_Murphy"
"RI01","RI",1,"Rhode Island","David Cicilline","D",TRUE,"David","Cicilline","RI01_D_Cicilline"
"RI01","RI",1,"Rhode Island","Brendan Doherty","R",FALSE,"Brendan","Doherty","RI01_R_Doherty"
"RI02","RI",2,"Rhode Island","Jim Langevin","D",TRUE,"Jim","Langevin","RI02_D_Langevin"
"RI02","RI",2,"Rhode Island","Michael Riley","R",FALSE,"Michael","Riley","RI02_R_Riley"
"SC01","SC",1,"South Carolina","Bobbie Rose","D",FALSE,"Bobbie","Rose","SC01_D_Rose"
"SC01","SC",1,"South Carolina","Tim Scott","R",TRUE,"Tim","Scott","SC01_R_Scott"
"SC02","SC",2,"South Carolina","Joe Wilson","R",TRUE,"Joe","Wilson","SC02_R_Wilson"
"SC03","SC",3,"South Carolina","Brian Doyle","D",FALSE,"Brian","Doyle","SC03_D_Doyle"
"SC03","SC",3,"South Carolina","Jeff Duncan","R",TRUE,"Jeff","Duncan","SC03_R_Duncan"
"SC04","SC",4,"South Carolina","Deb Morrow","D",FALSE,"Deb","Morrow","SC04_D_Morrow"
"SC04","SC",4,"South Carolina","Trey Gowdy","R",TRUE,"Trey","Gowdy","SC04_R_Gowdy"
"SC05","SC",5,"South Carolina","Joyce Knott","D",FALSE,"Joyce","Knott","SC05_D_Knott"
"SC05","SC",5,"South Carolina","Mick Mulvaney","R",TRUE,"Mick","Mulvaney","SC05_R_Mulvaney"
"SC06","SC",6,"South Carolina","Jim Clyburn","D",TRUE,"James","Clyburn","SC06_D_Clyburn"
"SC07","SC",7,"South Carolina","Gloria Bromell Tinubu","D",FALSE,"Gloria","Bromell Tinubu","SC07_D_Bromell Tinubu"
"SC07","SC",7,"South Carolina","Tom Rice","R",FALSE,"Tom","Rice","SC07_R_Rice"
"SD00","SD",1,"South Dakota","Matt Varilek","D",FALSE,"Matt","Varilek","SD01_D_Varilek"
"SD00","SD",1,"South Dakota","Kristi Noem","R",TRUE,"Kristi","Noem","SD01_R_Noem"
"TN01","TN",1,"Tennessee","Alan Woodruff","D",FALSE,"Alan","Woodruff","TN01_D_Woodruff"
"TN01","TN",1,"Tennessee","Phil Roe","R",TRUE,"Phil","Roe","TN01_R_Roe"
"TN02","TN",2,"Tennessee","Troy Goodale","D",FALSE,"Troy","Goodale","TN02_D_Goodale"
"TN02","TN",2,"Tennessee","John Duncan","R",TRUE,"John","Duncan","TN02_R_Duncan"
"TN03","TN",3,"Tennessee","Mary Headrick","D",FALSE,"Mary","Headrick","TN03_D_Headrick"
"TN03","TN",3,"Tennessee","Chuck Fleischmann","R",TRUE,"Chuck","Fleischmann","TN03_R_Fleischmann"
"TN04","TN",4,"Tennessee","Eric Stewart","D",FALSE,"Eric","Stewart","TN04_D_Stewart"
"TN04","TN",4,"Tennessee","Scott Desjarlais","R",TRUE,"Scott","Desjarlais","TN04_R_Desjarlais"
"TN05","TN",5,"Tennessee","Jim Cooper","D",TRUE,"Jim","Cooper","TN05_D_Cooper"
"TN05","TN",5,"Tennessee","Brad Staats","R",FALSE,"Brad","Staats","TN05_R_Staats"
"TN06","TN",6,"Tennessee","Diane Black","R",TRUE,"Diane","Black","TN06_R_Black"
"TN07","TN",7,"Tennessee","Credo Amouzouvik","D",FALSE,"Credo","Amouzouvik","TN07_D_Amouzouvik"
"TN07","TN",7,"Tennessee","Marsha Blackburn","R",TRUE,"Marsha","Blackburn","TN07_R_Blackburn"
"TN08","TN",8,"Tennessee","Timothy Dixon","D",FALSE,"Timothy","Dixon","TN08_D_Dixon"
"TN08","TN",8,"Tennessee","Stephen Fincher","R",TRUE,"Stephen","Fincher","TN08_R_Fincher"
"TN09","TN",9,"Tennessee","Steve Cohen","D",TRUE,"Steve","Cohen","TN09_D_Cohen"
"TN09","TN",9,"Tennessee","George Flinn","R",FALSE,"George","Flinn","TN09_R_Flinn"
"TX01","TX",1,"Texas","Shirley McKellar","D",FALSE,"Shirley","McKellar","TX01_D_McKellar"
"TX01","TX",1,"Texas","Louie Gohmert","R",TRUE,"Louie","Gohmert","TX01_R_Gohmert"
"TX02","TX",2,"Texas","Jim Dougherty","D",FALSE,"Jim","Dougherty","TX02_D_Dougherty"
"TX02","TX",2,"Texas","Ted Poe","R",TRUE,"Ted","Poe","TX02_R_Poe"
"TX03","TX",3,"Texas","Sam Johnson","R",TRUE,"Sam","Johnson","TX03_R_Johnson"
"TX04","TX",4,"Texas","VaLinda Hathcox","D",FALSE,"Valinda","Hathcox","TX04_D_Hathcox"
"TX04","TX",4,"Texas","Ralph Hall","R",TRUE,"Ralph","Hall","TX04_R_Hall"
"TX05","TX",5,"Texas","Linda Mrosko","D",FALSE,"Linda","Mrosko","TX05_D_Mrosko"
"TX05","TX",5,"Texas","Jeb Hensarling","R",TRUE,"Jeb","Hensarling","TX05_R_Hensarling"
"TX06","TX",6,"Texas","Kenneth Sanders","D",FALSE,"Kenneth","Sanders","TX06_D_Sanders"
"TX06","TX",6,"Texas","Joe Barton","R",TRUE,"Joe","Barton","TX06_R_Barton"
"TX07","TX",7,"Texas","James Cargas","D",FALSE,"James","Cargas","TX07_D_Cargas"
"TX07","TX",7,"Texas","John Culberson","R",TRUE,"John","Culberson","TX07_R_Culberson"
"TX08","TX",8,"Texas","Neil Burns","D",FALSE,"Neil","Burns","TX08_D_Burns"
"TX08","TX",8,"Texas","Kevin Brady","R",TRUE,"Kevin","Brady","TX08_R_Brady"
"TX09","TX",9,"Texas","Al Green","D",TRUE,"Al","Green","TX09_D_Green"
"TX09","TX",9,"Texas","Steve Mueller","R",FALSE,"Steve","Mueller","TX09_R_Mueller"
"TX10","TX",10,"Texas","Tawana Cadien","D",FALSE,"Tawana","Cadien","TX10_D_Cadien"
"TX10","TX",10,"Texas","Michael McCaul","R",TRUE,"Michael","McCaul","TX10_R_McCaul"
"TX11","TX",11,"Texas","Jim Riley","D",FALSE,"Jim","Riley","TX11_D_Riley"
"TX11","TX",11,"Texas","Mike Conaway","R",TRUE,"Mike","Conaway","TX11_R_Conaway"
"TX12","TX",12,"Texas","Dave Robinson","D",FALSE,"Dave","Robinson","TX12_D_Robinson"
"TX12","TX",12,"Texas","Kay Granger","R",TRUE,"Kay","Granger","TX12_R_Granger"
"TX13","TX",13,"Texas","Mac Thornberry","R",TRUE,"Mac","Thornberry","TX13_R_Thornberry"
"TX14","TX",14,"Texas","Nick Lampson","D",FALSE,"Nick","Lampson","TX14_D_Lampson"
"TX14","TX",14,"Texas","Randy Weber","R",FALSE,"Randy","Weber","TX14_R_Weber"
"TX15","TX",15,"Texas","Ruben Hinojosa","D",TRUE,"Ruben","Hinojosa","TX15_D_Hinojosa"
"TX15","TX",15,"Texas","Dale Brueggemann","R",FALSE,"Dale","Brueggemann","TX15_R_Brueggemann"
"TX16","TX",16,"Texas","Beto O'Rourke","D",FALSE,"Beto","O'Rourke","TX16_D_O'Rourke"
"TX16","TX",16,"Texas","Barbara Carrasco","R",FALSE,"Barbara","Carrasco","TX16_R_Carrasco"
"TX17","TX",17,"Texas","Bill Flores","R",TRUE,"Bill","Flores","TX17_R_Flores"
"TX18","TX",18,"Texas","Sheila Jackson Lee","D",TRUE,"Sheila","Jackson Lee","TX18_D_Jackson Lee"
"TX18","TX",18,"Texas","Sean Seibert","R",FALSE,"Sean","Seibert","TX18_R_Seibert"
"TX19","TX",19,"Texas","Randy Neugebauer","R",TRUE,"Randy","Neugebauer","TX19_R_Neugebauer"
"TX20","TX",20,"Texas","Joaquin Castro","D",FALSE,"Joaquin","Castro","TX20_D_Castro"
"TX20","TX",20,"Texas","David Rosa","R",FALSE,"Sheila","Lee","TX18_D_Lee"
"TX21","TX",21,"Texas","Candace Duval","D",FALSE,"Candace","Duval","TX21_D_Duval"
"TX21","TX",21,"Texas","Lamar Smith","R",TRUE,"Lamar","Smith","TX21_R_Smith"
"TX22","TX",22,"Texas","Kesha Rogers","D",FALSE,"Kesha","Rogers","TX22_D_Rogers"
"TX22","TX",22,"Texas","Pete Olson","R",TRUE,"Pete","Olson","TX22_R_Olson"
"TX23","TX",23,"Texas","Pete Gallego","D",FALSE,"Pete","Gallego","TX23_D_Gallego"
"TX23","TX",23,"Texas","Quico Canseco","R",TRUE,"Francisco","Canseco","TX23_R_Canseco"
"TX24","TX",24,"Texas","Tim Rusk","D",FALSE,"Tim","Rusk","TX24_D_Rusk"
"TX24","TX",24,"Texas","Kenny Marchant","R",TRUE,"Kenny","Marchant","TX24_R_Marchant"
"TX25","TX",25,"Texas","Elaine Henderson","D",FALSE,"Elaine","Henderson","TX25_D_Henderson"
"TX25","TX",25,"Texas","Roger Williams","R",FALSE,"Roger","Williams","TX25_R_Williams"
"TX26","TX",26,"Texas","David Sanchez","D",FALSE,"David","Sanchez","TX26_D_Sanchez"
"TX26","TX",26,"Texas","Michael Burgess","R",TRUE,"Michael","Burgess","TX26_R_Burgess"
"TX27","TX",27,"Texas","Rose Harrison","D",FALSE,"Rose","Harrison","TX27_D_Harrison"
"TX27","TX",27,"Texas","Blake Farenthold","R",TRUE,"Blake","Farenthold","TX27_R_Farenthold"
"TX28","TX",28,"Texas","Henry Cuellar","D",TRUE,"Henry","Cuellar","TX28_D_Cuellar"
"TX28","TX",28,"Texas","William Hayward","R",FALSE,"William","Hayward","TX28_R_Hayward"
"TX29","TX",29,"Texas","Gene Green","D",TRUE,"Gene","Green","TX29_D_Green"
"TX30","TX",30,"Texas","Eddie Bernice Johnson","D",TRUE,"Eddie","Bernice Johnson","TX30_D_Bernice Johnson"
"TX30","TX",30,"Texas","Travis Washington","R",FALSE,"Travis","Washington","TX30_R_Washington"
"TX31","TX",31,"Texas","Stephen Wyman","D",FALSE,"Stephen","Wyman","TX31_D_Wyman"
"TX31","TX",31,"Texas","John Carter","R",TRUE,"John","Carter","TX31_R_Carter"
"TX32","TX",32,"Texas","Katherine McGovern","D",FALSE,"Eddie","Johnson","TX30_D_Johnson"
"TX32","TX",32,"Texas","Pete Sessions","R",TRUE,"Pete","Sessions","TX32_R_Sessions"
"TX33","TX",33,"Texas","Marc Veasey","D",FALSE,"Marc","Veasey","TX33_D_Veasey"
"TX33","TX",33,"Texas","Chuck Bradley","R",FALSE,"Chuck","Bradley","TX33_R_Bradley"
"TX34","TX",34,"Texas","Filemon Vela","D",FALSE,"Filemon","Vela","TX34_D_Vela"
"TX34","TX",34,"Texas","Jessica Bradshaw","R",FALSE,"Jessica","Bradshaw","TX34_R_Bradshaw"
"TX35","TX",35,"Texas","Lloyd Doggett","D",TRUE,"Lloyd","Doggett","TX35_D_Doggett"
"TX35","TX",35,"Texas","Susan Narvaiz","R",FALSE,"Susan","Narvaiz","TX35_R_Narvaiz"
"TX36","TX",36,"Texas","Max Martin","D",FALSE,"Max","Martin","TX36_D_Martin"
"TX36","TX",36,"Texas","Steve Stockman","R",FALSE,"Steve","Stockman","TX36_R_Stockman"
"UT01","UT",1,"Utah","Donna McAleer","D",FALSE,"Donna","McAleer","UT01_D_McAleer"
"UT01","UT",1,"Utah","Rob Bishop","R",TRUE,"Rob","Bishop","UT01_R_Bishop"
"UT02","UT",2,"Utah","Jay Seegmiller","D",FALSE,"Jay","Seegmiller","UT02_D_Seegmiller"
"UT02","UT",2,"Utah","Chris Stewart","R",FALSE,"Chris","Stewart","UT02_R_Stewart"
"UT03","UT",3,"Utah","Soren Simonsen","D",FALSE,"Soren","Simonsen","UT03_D_Simonsen"
"UT03","UT",3,"Utah","Jason Chaffetz","R",TRUE,"Jason","Chaffetz","UT03_R_Chaffetz"
"UT04","UT",4,"Utah","Jim Matheson","D",TRUE,"Jim","Matheson","UT04_D_Matheson"
"UT04","UT",4,"Utah","Mia Love","R",FALSE,"Mia","Love","UT04_R_Love"
"VA01","VA",1,"Virginia","Adam Cook","D",FALSE,"Adam","Cook","VA01_D_Cook"
"VA01","VA",1,"Virginia","Rob Wittman","R",TRUE,"Rob","Wittman","VA01_R_Wittman"
"VA02","VA",2,"Virginia","Paul Hirschbiel","D",FALSE,"Paul","Hirschbiel","VA02_D_Hirschbiel"
"VA02","VA",2,"Virginia","Scott Rigell","R",TRUE,"Scott","Rigell","VA02_R_Rigell"
"VA03","VA",3,"Virginia","Bobby Scott","D",TRUE,"Bobby","Scott","VA03_D_Scott"
"VA03","VA",3,"Virginia","Dean Longo","R",FALSE,"Dean","Longo","VA03_R_Longo"
"VA04","VA",4,"Virginia","Ella Ward","D",FALSE,"Ella","Ward","VA04_D_Ward"
"VA04","VA",4,"Virginia","Randy Forbes","R",TRUE,"Randy","Forbes","VA04_R_Forbes"
"VA05","VA",5,"Virginia","John Douglass","D",FALSE,"John","Douglass","VA05_D_Douglass"
"VA05","VA",5,"Virginia","Robert Hurt","R",TRUE,"Robert","Hurt","VA05_R_Hurt"
"VA06","VA",6,"Virginia","Andy Schmookler","D",FALSE,"Andy","Schmookler","VA06_D_Schmookler"
"VA06","VA",6,"Virginia","Robert Goodlatte","R",TRUE,"Bob","Goodlatte","VA06_R_Goodlatte"
"VA07","VA",7,"Virginia","Wayne Powell","D",FALSE,"Wayne","Powell","VA07_D_Powell"
"VA07","VA",7,"Virginia","Eric Cantor","R",TRUE,"Eric","Cantor","VA07_R_Cantor"
"VA08","VA",8,"Virginia","James Moran","D",TRUE,"Jim","Moran","VA08_D_Moran"
"VA08","VA",8,"Virginia","Patrick Murray","R",FALSE,"Patrick","Murray","VA08_R_Murray"
"VA09","VA",9,"Virginia","Anthony Flaccavento","D",FALSE,"Anthony","Flaccavento","VA09_D_Flaccavento"
"VA09","VA",9,"Virginia","Morgan Griffith","R",TRUE,"Morgan","Griffith","VA09_R_Griffith"
"VA10","VA",10,"Virginia","Kristin Cabral","D",FALSE,"Kristin","Cabral","VA10_D_Cabral"
"VA10","VA",10,"Virginia","Frank Wolf","R",TRUE,"Frank","Wolf","VA10_R_Wolf"
"VA11","VA",11,"Virginia","Chris Perkins","R",FALSE,"Chris","Perkins","VA11_R_Perkins"
"VT00","VT",1,"Vermont","Peter Welch","D",TRUE,"Peter","Welch","VT01_D_Welch"
"WA01","WA",1,"Washington","Suzan DelBene","D",FALSE,"Suzan","DelBene","WA01_D_DelBene"
"WA01","WA",1,"Washington","John Koster","R",FALSE,"John","Koster","WA01_R_Koster"
"WA02","WA",2,"Washington","Rick Larsen","D",TRUE,"Rick","Larsen","WA02_D_Larsen"
"WA02","WA",2,"Washington","Dan Matthews","R",FALSE,"Dan","Matthews","WA02_R_Matthews"
"WA03","WA",3,"Washington","Jon Haugen","D",FALSE,"Jon","Haugen","WA03_D_Haugen"
"WA03","WA",3,"Washington","Jaime Beutler","R",TRUE,"Jaime","Beutler","WA03_R_Beutler"
"WA04","WA",4,"Washington","Mary Baechler","D",FALSE,"Mary","Baechler","WA04_D_Baechler"
"WA04","WA",4,"Washington","Doc Hastings","R",TRUE,"Doc","Hastings","WA04_R_Hastings"
"WA05","WA",5,"Washington","Rich Cowan","D",FALSE,"Rich","Cowan","WA05_D_Cowan"
"WA05","WA",5,"Washington","Cathy Rodgers","R",TRUE,"Cathy","Rodgers","WA05_R_Rodgers"
"WA06","WA",6,"Washington","Derek Kilmer","D",FALSE,"Derek","Kilmer","WA06_D_Kilmer"
"WA06","WA",6,"Washington","Bill Driscoll","R",FALSE,"Bill","Driscoll","WA06_R_Driscoll"
"WA07","WA",7,"Washington","Jim McDermott","D",TRUE,"Jim","McDermott","WA07_D_McDermott"
"WA07","WA",7,"Washington","Ron Bemis","R",FALSE,"Ron","Bemis","WA07_R_Bemis"
"WA08","WA",8,"Washington","Karen Porterfield","D",FALSE,"Karen","Porterfield","WA08_D_Porterfield"
"WA08","WA",8,"Washington","Dave Reichert","R",TRUE,"Dave","Reichert","WA08_R_Reichert"
"WA09","WA",9,"Washington","Adam Smith","D",TRUE,"Adam","Smith","WA09_D_Smith"
"WA09","WA",9,"Washington","Jim Postma","R",FALSE,"Jim","Postma","WA09_R_Postma"
"WA10","WA",10,"Washington","Denny Heck","D",FALSE,"Denny","Heck","WA10_D_Heck"
"WA10","WA",10,"Washington","Dick Muri","R",FALSE,"Dick","Muri","WA10_R_Muri"
"WI01","WI",1,"Wisconsin","Rob Zerban","D",FALSE,"Rob","Zerban","WI01_D_Zerban"
"WI01","WI",1,"Wisconsin","Paul Ryan","R",TRUE,"Paul","Ryan","WI01_R_Ryan"
"WI02","WI",2,"Wisconsin","Mark Pocan","D",FALSE,"Mark","Pocan","WI02_D_Pocan"
"WI02","WI",2,"Wisconsin","Chad Lee","R",FALSE,"Chad","Lee","WI02_R_Lee"
"WI03","WI",3,"Wisconsin","Ron Kind","D",TRUE,"Ron","Kind","WI03_D_Kind"
"WI03","WI",3,"Wisconsin","Ray Boland","R",FALSE,"Ray","Boland","WI03_R_Boland"
"WI04","WI",4,"Wisconsin","Gwen Moore","D",TRUE,"Gwen","Moore","WI04_D_Moore"
"WI04","WI",4,"Wisconsin","Dan Sebring","R",FALSE,"Dan","Sebring","WI04_R_Sebring"
"WI05","WI",5,"Wisconsin","David Heaster","D",FALSE,"David","Heaster","WI05_D_Heaster"
"WI05","WI",5,"Wisconsin","Jim Sensenbrenner","R",TRUE,"Jim","Sensenbrenner","WI05_R_Sensenbrenner"
"WI06","WI",6,"Wisconsin","Joe Kallas","D",FALSE,"Joe","Kallas","WI06_D_Kallas"
"WI06","WI",6,"Wisconsin","Tom Petri","R",TRUE,"Tom","Petri","WI06_R_Petri"
"WI07","WI",7,"Wisconsin","Patrick Kreitlow","D",FALSE,"Patrick","Kreitlow","WI07_D_Kreitlow"
"WI07","WI",7,"Wisconsin","Sean Duffy","R",TRUE,"Sean","Duffy","WI07_R_Duffy"
"WI08","WI",8,"Wisconsin","Jamie Wall","D",FALSE,"Jamie","Wall","WI08_D_Wall"
"WI08","WI",8,"Wisconsin","Reid Ribble","R",TRUE,"Reid","Ribble","WI08_R_Ribble"
"WV01","WV",1,"West Virginia","Sue Thorn","D",FALSE,"Susan","Thorn","WV01_D_Thorn"
"WV01","WV",1,"West Virginia","David McKinley","R",TRUE,"David","McKinley","WV01_R_McKinley"
"WV02","WV",2,"West Virginia","Howard Swint","D",FALSE,"Howard","Swint","WV02_D_Swint"
"WV02","WV",2,"West Virginia","Shelley Capito","R",TRUE,"Shelley","Capito","WV02_R_Capito"
"WV03","WV",3,"West Virginia","Nick Rahall","D",TRUE,"Nick","Rahall","WV03_D_Rahall"
"WV03","WV",3,"West Virginia","Rick Snuffer","R",FALSE,"Rick","Snuffer","WV03_R_Snuffer"
"WY00","WY",1,"Wyoming","Cynthia Lummis","R",TRUE,"Cynthia","Lummis","WY01_R_Lummis"
