"","state_dist","state_id","district","office_id","state","primary_date","name","party","incumbent","first_name","last_name","unique_cand_id"
"4","AK01","AK","1",NA,"Alaska","","Sharon Cissna","D","0","Sharon","Cissna","AK01_D_Cissna"
"5","AK01","AK","1",NA,"Alaska","","Don Young","R","1","Don","Young","AK01_R_Young"
"1","AZ01","AZ","1",NA,"Arizona","","Ann Kirkpatrick","D","0","Ann","Kirkpatrick","AZ01_D_Kirkpatrick"
"8311","AZ01","AZ","1",NA,"Arizona",NA,"Jonathan Paton","R","0","Jonathan","Paton","AZ01_R_Paton"
"11","AZ02","AZ","2",NA,"Arizona","","Ron Barber","D","1","Ron","Barber","AZ02_D_Barber"
"16","AZ02","AZ","2",NA,"Arizona","","Martha McSally","R","0","Martha","McSally","AZ02_R_McSally"
"7","AZ03","AZ","3",NA,"Arizona","","Raul Grijalva","D","1","Raul","Grijalva","AZ03_D_Grijalva"
"10","AZ03","AZ","3",NA,"Arizona","","Saucedo Mercer","R","0","Saucedo","Mercer","AZ03_R_Mercer"
"832","AZ04","AZ","4",NA,"Arizona",NA,"Johnnie Robinson","D","0","Johnnie","Robinson","AZ04_D_Robinson"
"30","AZ04","AZ","4",NA,"Arizona","","Paul Gosar","R","1","Paul","Gosar","AZ04_R_Gosar"
"34","AZ05","AZ","5",NA,"Arizona","","Spencer Morgan","D","0","Spencer","Morgan","AZ05_D_Morgan"
"35","AZ05","AZ","5",NA,"Arizona","","Matt Salmon","R","0","Matt","Salmon","AZ05_R_Salmon"
"833","AZ06","AZ","6",NA,"Arizona",NA,"Matt Jette","D","0","Matt","Jette","AZ06_D_Jette"
"41","AZ06","AZ","6",NA,"Arizona","","David Schweikert","R","1","David","Schweikert","AZ06_R_Schweikert"
"43","AZ07","AZ","7",NA,"Arizona","","Ed Pastor","D","1","Ed","Pastor","AZ07_D_Pastor"
"45","AZ08","AZ","8",NA,"Arizona","","Gene Scharer","D","0","Gene","Scharer","AZ08_D_Scharer"
"46","AZ08","AZ","8",NA,"Arizona","","Trent Franks","R","1","Trent","Franks","AZ08_R_Franks"
"161","AZ09","AZ","9",NA,"Arizona","","Kyrsten Sinema","D","0","Kyrsten","Sinema","AZ09_D_Sinema"
"809","AZ09","AZ","9",NA,"Arizona",NA,"Vernon Parker","R","0","Vernon","Parker","AZ09_R_Parker"
"4610","CA08","CA"," 8"," 39","California","","Gregg Imus","R","False","Gregg","Imus","CA08_R_Imus"
"834","CA08","CA","8",NA,"California",NA,"Jackie Conaway","D","0","Jackie","Conaway","CA08_D_Conaway"
"881","CA29","CA","29"," 59","California","","Tony Cardenas","D","False","Tony","Cardenas","CA29_D_Cardenas"
"58","CA29","CA","29",NA,"California","","David Hernandez","R","0","David","Hernandez","CA29_R_Hernandez"
"1451","CO05","CO"," 5"," 92","Colorado","","Doug Lamborn","R","True","Doug","Lamborn","CO05_R_Lamborn"
"59","CO05","CO","5",NA,"Colorado","","Bob Evans","D","0","Bob","Evans","CO05_D_Evans"
"60","CT01","CT","1",NA,"Connecticut","","John Larson","D","1","John","Larson","CT01_D_Larson"
"62","CT01","CT","1",NA,"Connecticut","","John Decker","R","0","John","Decker","CT01_R_Decker"
"63","CT02","CT","2",NA,"Connecticut","","Joe Courtney","D","1","Joe","Courtney","CT02_D_Courtney"
"67","CT02","CT","2",NA,"Connecticut","","Paul Formica","R","0","Paul","Formica","CT02_R_Formica"
"68","CT03","CT","3",NA,"Connecticut","","Rosa DeLauro","D","1","Rosa","DeLauro","CT03_D_DeLauro"
"69","CT03","CT","3",NA,"Connecticut","","Wayne Winsley","R","0","Wayne","Winsley","CT03_R_Winsley"
"71","CT04","CT","4",NA,"Connecticut","","Jim Himes","D","1","Jim","Himes","CT04_D_Himes"
"72","CT04","CT","4",NA,"Connecticut","","Steve Obsitnik","R","0","Steve","Obsitnik","CT04_R_Obsitnik"
"76","CT05","CT","5",NA,"Connecticut","","Elizabeth Esty","D","0","Elizabeth","Esty","CT05_D_Esty"
"84","CT05","CT","5",NA,"Connecticut","","Andrew Roraback","R","0","Andrew","Roraback","CT05_R_Roraback"
"25","DE01","DE","1",NA,"Delaware","","John Carney","D","1","John","Carney","DE01_D_Carney"
"26","DE01","DE","1",NA,"Delaware","","Tom Kovach","R","0","Tom","Kovach","DE01_R_Kovach"
"8101","FL01","FL","1",NA,"Florida",NA,"Jim Bryan","D","0","Jim","Bryan","FL01_D_Bryan"
"301","FL01","FL","1",NA,"Florida","","Jeff Miller","R","1","Jeff","Miller","FL01_R_Miller"
"835","FL02","FL","2",NA,"Florida",NA,"Alfred Lawson","D","0","Alfred","Lawson","FL02_D_Lawson"
"352","FL02","FL","2",NA,"Florida","","Steve Southerland","R","1","Steve","Southerland","FL02_R_Southerland"
"37","FL03","FL","3",NA,"Florida","","Jacques Gaillot","D","0","Jacques","Gaillot","FL03_D_Gaillot"
"39","FL03","FL","3",NA,"Florida","","Ted Yoho","R","0","Ted","Yoho","FL03_R_Yoho"
"100","FL04","FL","4",NA,"Florida","","Ander Crenshaw","R","1","Ander","Crenshaw","FL04_R_Crenshaw"
"104","FL05","FL","5",NA,"Florida","","Corrine Brown","D","1","Corrine","Brown","FL05_D_Brown"
"105","FL05","FL","5",NA,"Florida","","LeAnne Kolb","R","0","LeAnne","Kolb","FL05_R_Kolb"
"8111","FL06","FL","6",NA,"Florida",NA,"Heather Beaven","D","0","Heather","Beaven","FL06_D_Beaven"
"44","FL06","FL","6",NA,"Florida","","Ron DeSantis","R","0","Ron","DeSantis","FL06_R_DeSantis"
"115","FL07","FL","7",NA,"Florida","","Jason Kendall","D","0","Jason","Kendall","FL07_D_Kendall"
"116","FL07","FL","7",NA,"Florida","","John Mica","R","1","John","Mica","FL07_R_Mica"
"119","FL08","FL","8",NA,"Florida","","Shannon Roberts","D","0","Shannon","Roberts","FL08_D_Roberts"
"120","FL08","FL","8",NA,"Florida","","Bill Posey","R","1","Bill","Posey","FL08_R_Posey"
"121","FL09","FL","9",NA,"Florida","","Alan Grayson","D","0","Alan","Grayson","FL09_D_Grayson"
"123","FL09","FL","9",NA,"Florida","","Todd Long","R","0","Todd","Long","FL09_R_Long"
"125","FL10","FL","10",NA,"Florida","","Val Deming","D","0","Val","Deming","FL10_D_Deming"
"126","FL10","FL","10",NA,"Florida","","Daniel Webster","R","1","Daniel","Webster","FL10_R_Webster"
"812","FL11","FL","11",NA,"Florida",NA,"David Werder","D","0","David","Werder","FL11_D_Werder"
"50","FL11","FL","11",NA,"Florida","","Richard Nugent","R","1","Richard","Nugent","FL11_R_Nugent"
"129","FL12","FL","12",NA,"Florida","","Jonathan Snow","D","0","Jonathan","Snow","FL12_D_Snow"
"130","FL12","FL","12",NA,"Florida","","Gus Bilirakis","R","1","Gus","Bilirakis","FL12_R_Bilirakis"
"131","FL13","FL","13",NA,"Florida","","Jessica Ehrlich","D","0","Jessica","Ehrlich","FL13_D_Ehrlich"
"133","FL13","FL","13",NA,"Florida","","Bill Young","R","1","Bill","Young","FL13_R_Young"
"53","FL14","FL","14",NA,"Florida","","Kathy Castor","D","1","Kathy","Castor","FL14_D_Castor"
"54","FL14","FL","14",NA,"Florida","","Evelio Otero","R","0","Evelio","Otero","FL14_R_Otero"
"137","FL15","FL","15",NA,"Florida","","Dennis Ross","R","1","Dennis","Ross","FL15_R_Ross"
"138","FL16","FL","16",NA,"Florida","","Keith Fitzgerald","D","0","Keith","Fitzgerald","FL16_D_Fitzgerald"
"139","FL16","FL","16",NA,"Florida","","Vernon Buchanan","R","1","Vernon","Buchanan","FL16_R_Buchanan"
"813","FL17","FL","17",NA,"Florida",NA,"William Bronson","D","0","William","Bronson","FL17_D_Bronson"
"57","FL17","FL","17",NA,"Florida","","Tom Rooney","R","1","Tom","Rooney","FL17_R_Rooney"
"144","FL18","FL","18",NA,"Florida","","Patrick Murphy","D","0","Patrick","Murphy","FL18_D_Murphy"
"145","FL18","FL","18",NA,"Florida","","Allen West","R","1","Allen","West","FL18_R_West"
"147","FL19","FL","19",NA,"Florida","","Jim Roach","D","0","Jim","Roach","FL19_D_Roach"
"149","FL19","FL","19",NA,"Florida","","Trey Radel","R","0","Trey","Radel","FL19_R_Radel"
"604","FL20","FL","20",NA,"Florida","","Alcee Hastings","D","1","Alcee","Hastings","FL20_D_Hastings"
"61","FL20","FL","20",NA,"Florida","","Joe Goldner","R","0","Joe","Goldner","FL20_R_Goldner"
"160","FL21","FL","21",NA,"Florida","","Ted Deutch","D","1","Ted","Deutch","FL21_D_Deutch"
"162","FL22","FL","22",NA,"Florida","","Lois Frankel","D","0","Lois","Frankel","FL22_D_Frankel"
"164","FL22","FL","22",NA,"Florida","","Adam Hasner","R","0","Adam","Hasner","FL22_R_Hasner"
"635","FL23","FL","23",NA,"Florida","","Debbie Schultz","D","1","Debbie","Schultz","FL23_D_Schultz"
"65","FL23","FL","23",NA,"Florida","","Karen Harrington","R","0","Karen","Harrington","FL23_R_Harrington"
"173","FL24","FL","24",NA,"Florida","","Frederica Wilson","D","1","Frederica","Wilson","FL24_D_Wilson"
"175","FL25","FL","25",NA,"Florida","","Mario Diaz-Balart","R","1","Mario","Diaz-Balart","FL25_R_Diaz-Balart"
"814","FL26","FL","26",NA,"Florida",NA,"Joe Garcia","D","0","Joe","Garcia","FL26_D_Garcia"
"75","FL26","FL","26",NA,"Florida","","David Rivera","R","1","David","Rivera","FL26_R_Rivera"
"79","FL27","FL","27",NA,"Florida","","Manny Yevancey","D","0","Manny","Yevancey","FL27_D_Yevancey"
"815","FL27","FL","27",NA,"Florida",NA,"Ileana Ros","R","1","Ileana","Ros","FL27_R_Ros"
"185","GA01","GA","1",NA,"Georgia","","Lesli Messinger","D","0","Lesli","Messinger","GA01_D_Messinger"
"187","GA01","GA","1",NA,"Georgia","","Jack Kingston","R","1","Jack","Kingston","GA01_R_Kingston"
"83","GA02","GA","2",NA,"Georgia","","Sanford Bishop","D","1","Sanford","Bishop","GA02_D_Bishop"
"816","GA02","GA","2",NA,"Georgia",NA,"John Allen","R","0","John","Allen","GA02_R_Allen"
"191","GA03","GA","3",NA,"Georgia","","Lynn Westmoreland","R","1","Lynn","Westmoreland","GA03_R_Westmoreland"
"87","GA04","GA","4",NA,"Georgia","","Hank Johnson","D","1","Hank","Johnson","GA04_D_Johnson"
"90","GA04","GA","4",NA,"Georgia","","Chris Vaughn","R","0","Chris","Vaughn","GA04_R_Vaughn"
"199","GA05","GA","5",NA,"Georgia","","John Lewis","D","1","John","Lewis","GA05_D_Lewis"
"201","GA05","GA","5",NA,"Georgia","","Howard Stopeck","R","0","Howard","Stopeck","GA05_R_Stopeck"
"202","GA06","GA","6",NA,"Georgia","","Jeff Kazanow","D","0","Jeff","Kazanow","GA06_D_Kazanow"
"204","GA06","GA","6",NA,"Georgia","","Tom Price","R","1","Tom","Price","GA06_R_Price"
"206","GA07","GA","7",NA,"Georgia","","Steve Reilly","D","0","Steve","Reilly","GA07_D_Reilly"
"207","GA07","GA","7",NA,"Georgia","","Rob Woodall","R","1","Rob","Woodall","GA07_R_Woodall"
"210","GA08","GA","8",NA,"Georgia","","Austin Scott","R","1","Austin","Scott","GA08_R_Scott"
"211","GA09","GA","9",NA,"Georgia","","Jody Cooley","D","0","Jody","Cooley","GA09_D_Cooley"
"212","GA09","GA","9",NA,"Georgia","","Doug Collins","R","0","Doug","Collins","GA09_R_Collins"
"216","GA10","GA","10",NA,"Georgia","","Paul Broun","R","1","Paul","Broun","GA10_R_Broun"
"218","GA11","GA","11",NA,"Georgia","","Patrick Thompson","D","0","Patrick","Thompson","GA11_D_Thompson"
"219","GA11","GA","11",NA,"Georgia","","Phil Gingrey","R","1","Phil","Gingrey","GA11_R_Gingrey"
"223","GA12","GA","12",NA,"Georgia","","John Barrow","D","1","John","Barrow","GA12_D_Barrow"
"226","GA12","GA","12",NA,"Georgia","","Lee Anderson","R","0","Lee","Anderson","GA12_R_Anderson"
"229","GA13","GA","13",NA,"Georgia","","David Scott","D","1","David","Scott","GA13_D_Scott"
"230","GA13","GA","13",NA,"Georgia","","Shahid Malik","R","0","Shahid","Malik","GA13_R_Malik"
"231","GA14","GA","14",NA,"Georgia","","Dan Grant","D","0","Dan","Grant","GA14_D_Grant"
"232","GA14","GA","14",NA,"Georgia","","Tom Graves","R","1","Tom","Graves","GA14_R_Graves"
"233","HI01","HI","1",NA,"Hawaii","","Colleen Hanabusa","D","1","Colleen","Hanabusa","HI01_D_Hanabusa"
"234","HI01","HI","1",NA,"Hawaii","","Charles Djou","R","0","Charles","Djou","HI01_R_Djou"
"95","HI02","HI","2",NA,"Hawaii","","Tulsi Gabbard","D","0","Tulsi","Gabbard","HI02_D_Gabbard"
"817","HI02","HI","2",NA,"Hawaii",NA,"Kawika Crowley","R","0","Kawika","Crowley","HI02_R_Crowley"
"2171","IL04","IL"," 4","177","Illinois","","Luis Gutierrez","D","True","Luis","Gutierrez","IL04_D_Gutierrez"
"240","IL04","IL","4",NA,"Illinois","","Hector Concepcion","R","0","Hector","Concepcion","IL04_R_Concepcion"
"241","IL16","IL","16",NA,"Illinois","","Wanda Rohl","D","0","Wanda","Rohl","IL16_D_Rohl"
"2391","IL16","IL","16","189","Illinois","","Adam Kinzinger","R","True","Adam","Kinzinger","IL16_R_Kinzinger"
"242","KS01","KS","1",NA,"Kansas","","Tim Huelskamp","R","1","Tim","Huelskamp","KS01_R_Huelskamp"
"243","KS02","KS","2",NA,"Kansas","","Tobias Schlingensiepen","D","0","Tobias","Schlingensiepen","KS02_D_Schlingensiepen"
"244","KS02","KS","2",NA,"Kansas","","Lynn Jenkins","R","1","Lynn","Jenkins","KS02_R_Jenkins"
"245","KS03","KS","3",NA,"Kansas","","Kevin Yoder","R","1","Kevin","Yoder","KS03_R_Yoder"
"246","KS04","KS","4",NA,"Kansas","","Robert Tillman","D","0","Robert","Tillman","KS04_D_Tillman"
"248","KS04","KS","4",NA,"Kansas","","Mike Pompeo","R","1","Mike","Pompeo","KS04_R_Pompeo"
"249","LA01","LA","1",NA,"Louisiana","","Steve Scalise","R","1","Steve","Scalise","LA01_R_Scalise"
"1002","LA02","LA","2",NA,"Louisiana","","Cedric Richmond","D","1","Cedric","Richmond","LA02_D_Richmond"
"101","LA02","LA","2",NA,"Louisiana","","Gail Dignam","R","0","Gail","Dignam","LA02_R_Dignam"
"103","LA03","LA","3",NA,"Louisiana","","Charles Boustany","R","1","Charles","Boustany","LA03_R_Boustany"
"1042","LA03","LA","3",NA,"Louisiana","","Jeff Landry","R","1","Jeff","Landry","LA03_R_Landry"
"254","LA04","LA","4",NA,"Louisiana","","John Fleming","R","1","John","Fleming","LA04_R_Fleming"
"255","LA05","LA","5",NA,"Louisiana","","Rodney Alexander","R","1","Rodney","Alexander","LA05_R_Alexander"
"256","LA06","LA","6",NA,"Louisiana","","Bill Cassidy","R","1","Bill","Cassidy","LA06_R_Cassidy"
"257","MA01","MA","1",NA,"Massachusetts","","Richard Neal","D","1","Richard","Neal","MA01_D_Neal"
"260","MA02","MA","2",NA,"Massachusetts","","James McGovern","D","1","James","McGovern","MA02_D_McGovern"
"262","MA03","MA","3",NA,"Massachusetts","","Niki Tsongas","D","1","Niki","Tsongas","MA03_D_Tsongas"
"106","MA04","MA","4",NA,"Massachusetts","","Joe Kennedy","D","0","Joe","Kennedy","MA04_D_Kennedy"
"112","MA04","MA","4",NA,"Massachusetts","","Sean Bielat","R","0","Sean","Bielat","MA04_R_Bielat"
"1152","MA05","MA","5",NA,"Massachusetts","","Ed Markey","D","1","Ed","Markey","MA05_D_Markey"
"818","MA05","MA","5",NA,"Massachusetts",NA,"Tom Tierney","R","0","Tom","Tierney","MA05_R_Tierney"
"273","MA06","MA","6",NA,"Massachusetts","","John Tierney","D","1","John","Tierney","MA06_D_Tierney"
"274","MA06","MA","6",NA,"Massachusetts","","Richard Tisei","R","0","Richard","Tisei","MA06_R_Tisei"
"276","MA07","MA","7",NA,"Massachusetts","","Mike Capuano","D","1","Mike","Capuano","MA07_D_Capuano"
"279","MA08","MA","8",NA,"Massachusetts","","Stephen Lynch","D","1","Stephen","Lynch","MA08_D_Lynch"
"280","MA08","MA","8",NA,"Massachusetts","","Joe Selvaggi","R","0","Joe","Selvaggi","MA08_R_Selvaggi"
"282","MA09","MA","9",NA,"Massachusetts","","Bill Keating","D","1","Bill","Keating","MA09_D_Keating"
"836","MA09","MA","9",NA,"Massachusetts",NA,"Adam Chaprales","R","0","Adam","Chaprales","MA09_R_Chaprales"
"286","MI01","MI","1",NA,"Michigan","","Gary McDowell","D","0","Gary","McDowell","MI01_D_McDowell"
"288","MI01","MI","1",NA,"Michigan","","Dan Benishek","R","1","Dan","Benishek","MI01_R_Benishek"
"290","MI02","MI","2",NA,"Michigan","","Bill Huizenga","R","1","Bill","Huizenga","MI02_R_Huizenga"
"291","MI03","MI","3",NA,"Michigan","","Steve Pestka","D","0","Steve","Pestka","MI03_D_Pestka"
"293","MI03","MI","3",NA,"Michigan","","Justin Amash","R","1","Justin","Amash","MI03_R_Amash"
"294","MI04","MI","4",NA,"Michigan","","Dave Camp","R","1","Dave","Camp","MI04_R_Camp"
"295","MI05","MI","5",NA,"Michigan","","Dan Kildee","D","0","Dan","Kildee","MI05_D_Kildee"
"296","MI05","MI","5",NA,"Michigan","","Jim Slezak","R","0","Jim","Slezak","MI05_R_Slezak"
"298","MI06","MI","6",NA,"Michigan","","Mike O'Brien","D","0","Mike","O'Brien","MI06_D_O'Brien"
"299","MI06","MI","6",NA,"Michigan","","Fred Upton","R","1","Fred","Upton","MI06_R_Upton"
"300","MI07","MI","7",NA,"Michigan","","Kurt Haskell","D","0","Kurt","Haskell","MI07_D_Haskell"
"302","MI07","MI","7",NA,"Michigan","","Tim Walberg","R","1","Tim","Walberg","MI07_R_Walberg"
"304","MI08","MI","8",NA,"Michigan","","Lance Enderle","D","0","Lance","Enderle","MI08_D_Enderle"
"306","MI08","MI","8",NA,"Michigan","","Mike Rogers","R","1","Mike","Rogers","MI08_R_Rogers"
"118","MI09","MI","9",NA,"Michigan","","Sander Levin","D","1","Sander","Levin","MI09_D_Levin"
"819","MI09","MI","9",NA,"Michigan",NA,"Donald Volaric","R","0","Donald","Volaric","MI09_R_Volaric"
"820","MI10","MI","10",NA,"Michigan",NA,"Chuck Stadler","D","0","Chuck","Stadler","MI10_D_Stadler"
"124","MI10","MI","10",NA,"Michigan","","Candice Miller","R","1","Candice","Miller","MI10_R_Miller"
"314","MI11","MI","11",NA,"Michigan","","Syed Taj","D","0","Syed","Taj","MI11_D_Taj"
"316","MI11","MI","11",NA,"Michigan","","Kerry Bentivolio","R","0","Kerry","Bentivolio","MI11_R_Bentivolio"
"1262","MI12","MI","12",NA,"Michigan","","John Dingell","D","1","John","Dingell","MI12_D_Dingell"
"8211","MI12","MI","12",NA,"Michigan",NA,"Cynthia Kallgren","R","0","Cynthia","Kallgren","MI12_R_Kallgren"
"1302","MI13","MI","13",NA,"Michigan","","John Conyers","D","1","John","Conyers","MI13_D_Conyers"
"822","MI13","MI","13",NA,"Michigan",NA,"Harry Sawicki","R","0","Harry","Sawicki","MI13_R_Sawicki"
"1382","MI14","MI","14",NA,"Michigan","","Gary Peters","D","1","Gary","Peters","MI14_D_Peters"
"823","MI14","MI","14",NA,"Michigan",NA,"John Hauler","R","0","John","Hauler","MI14_R_Hauler"
"143","MN01","MN","1",NA,"Minnesota","","Tim Walz","D","1","Tim","Walz","MN01_D_Walz"
"824","MN01","MN","1",NA,"Minnesota",NA,"Allen Quist","R","0","Allen","Quist","MN01_R_Quist"
"837","MN02","MN","2",NA,"Minnesota",NA,"Mike Obermueller","D","0","Mike","Obermueller","MN02_D_Obermueller"
"336","MN02","MN","2",NA,"Minnesota","","John Kline","R","1","John","Kline","MN02_R_Kline"
"838","MN03","MN","3",NA,"Minnesota",NA,"Brian Barnes","D","0","Brian","Barnes","MN03_D_Barnes"
"339","MN03","MN","3",NA,"Minnesota","","Erik Paulsen","R","1","Erik","Paulsen","MN03_R_Paulsen"
"146","MN04","MN","4",NA,"Minnesota","","Betty McCollum","D","1","Betty","McCollum","MN04_D_McCollum"
"825","MN04","MN","4",NA,"Minnesota",NA,"Anthony Hernandez","R","0","Anthony","Hernandez","MN04_R_Hernandez"
"839","MN05","MN","5",NA,"Minnesota",NA,"Keith Ellison","D","1","Keith","Ellison","MN05_D_Ellison"
"344","MN05","MN","5",NA,"Minnesota","","Chris Fields","R","0","Chris","Fields","MN05_R_Fields"
"840","MN06","MN","6",NA,"Minnesota",NA,"Jim Graves","D","0","Jim","Graves","MN06_D_Graves"
"349","MN06","MN","6",NA,"Minnesota","","Michele Bachmann","R","1","Michele","Bachmann","MN06_R_Bachmann"
"8411","MN07","MN","7",NA,"Minnesota",NA,"Collin Peterson","D","1","Collin","Peterson","MN07_D_Peterson"
"351","MN07","MN","7",NA,"Minnesota","","Lee Byberg","R","0","Lee","Byberg","MN07_R_Byberg"
"842","MN08","MN","8",NA,"Minnesota",NA,"Rick Nolan","D","0","Rick","Nolan","MN08_D_Nolan"
"357","MN08","MN","8",NA,"Minnesota","","Chip Cravaack","R","1","Chip","Cravaack","MN08_R_Cravaack"
"1492","MO01","MO","1",NA,"Missouri","","Lacy Clay","D","1","Lacy","Clay","MO01_D_Clay"
"826","MO01","MO","1",NA,"Missouri",NA,"Robyn Hamlin","R","0","Robyn","Hamlin","MO01_R_Hamlin"
"362","MO02","MO","2",NA,"Missouri","","Glenn Koenen","D","0","Glenn","Koenen","MO02_D_Koenen"
"365","MO02","MO","2",NA,"Missouri","","Ann Wagner","R","0","Ann","Wagner","MO02_R_Wagner"
"370","MO03","MO","3",NA,"Missouri","","Eric Mayer","D","0","Eric","Mayer","MO03_D_Mayer"
"371","MO03","MO","3",NA,"Missouri","","Blaine Luetkemeyer","R","1","Blaine","Luetkemeyer","MO03_R_Luetkemeyer"
"372","MO04","MO","4",NA,"Missouri","","Teresa Hensley","D","0","Teresa","Hensley","MO04_D_Hensley"
"373","MO04","MO","4",NA,"Missouri","","Vicky Hartzler","R","1","Vicky","Hartzler","MO04_R_Hartzler"
"153","MO05","MO","5",NA,"Missouri","","Emanuel Cleaver","D","1","Emanuel","Cleaver","MO05_D_Cleaver"
"827","MO05","MO","5",NA,"Missouri",NA,"Jacob Turk","R","0","Jacob","Turk","MO05_R_Turk"
"379","MO06","MO","6",NA,"Missouri","","Kyle Yarber","D","0","Kyle","Yarber","MO06_D_Yarber"
"383","MO06","MO","6",NA,"Missouri","","Sam Graves","R","1","Sam","Graves","MO06_R_Graves"
"387","MO07","MO","7",NA,"Missouri","","Jim Evans","D","0","Jim","Evans","MO07_D_Evans"
"389","MO07","MO","7",NA,"Missouri","","Billy Long","R","1","Billy","Long","MO07_R_Long"
"158","MO08","MO","8",NA,"Missouri","","Jack Rushin","D","0","Jack","Rushin","MO08_D_Rushin"
"1601","MO08","MO","8",NA,"Missouri","","Jo Emerson","R","1","Jo","Emerson","MO08_R_Emerson"
"163","NH01","NH","1",NA,"New Hampshire","","Carol Shea-Porter","D","0","Carol","Shea-Porter","NH01_D_Shea-Porter"
"167","NH01","NH","1",NA,"New Hampshire","","Frank Guinta","R","1","Frank","Guinta","NH01_R_Guinta"
"169","NH02","NH","2",NA,"New Hampshire","","Ann Kuster","D","0","Ann","Kuster","NH02_D_Kuster"
"170","NH02","NH","2",NA,"New Hampshire","","Charles Bass","R","1","Charles","Bass","NH02_R_Bass"
"1731","RI01","RI","1",NA,"Rhode Island","","David Cicilline","D","1","David","Cicilline","RI01_D_Cicilline"
"1751","RI01","RI","1",NA,"Rhode Island","","Brendan Doherty","R","0","Brendan","Doherty","RI01_R_Doherty"
"178","RI02","RI","2",NA,"Rhode Island","","Jim Langevin","D","1","Jim","Langevin","RI02_D_Langevin"
"179","RI02","RI","2",NA,"Rhode Island","","Michael Riley","R","0","Michael","Riley","RI02_R_Riley"
"409","TN01","TN","1",NA,"Tennessee","","Alan Woodruff","D","0","Alan","Woodruff","TN01_D_Woodruff"
"410","TN01","TN","1",NA,"Tennessee","","Phil Roe","R","1","Phil","Roe","TN01_R_Roe"
"181","TN02","TN","2",NA,"Tennessee","","Troy Goodale","D","0","Troy","Goodale","TN02_D_Goodale"
"182","TN02","TN","2",NA,"Tennessee","","John Duncan","R","1","John","Duncan","TN02_R_Duncan"
"416","TN03","TN","3",NA,"Tennessee","","Mary Headrick","D","0","Mary","Headrick","TN03_D_Headrick"
"417","TN03","TN","3",NA,"Tennessee","","Chuck Fleischmann","R","1","Chuck","Fleischmann","TN03_R_Fleischmann"
"421","TN04","TN","4",NA,"Tennessee","","Eric Stewart","D","0","Eric","Stewart","TN04_D_Stewart"
"422","TN04","TN","4",NA,"Tennessee","","Scott Desjarlais","R","1","Scott","Desjarlais","TN04_R_Desjarlais"
"424","TN05","TN","5",NA,"Tennessee","","Jim Cooper","D","1","Jim","Cooper","TN05_D_Cooper"
"427","TN05","TN","5",NA,"Tennessee","","Brad Staats","R","0","Brad","Staats","TN05_R_Staats"
"428","TN06","TN","6",NA,"Tennessee","","Diane Black","R","1","Diane","Black","TN06_R_Black"
"429","TN07","TN","7",NA,"Tennessee","","Credo Amouzouvik","D","0","Credo","Amouzouvik","TN07_D_Amouzouvik"
"430","TN07","TN","7",NA,"Tennessee","","Marsha Blackburn","R","1","Marsha","Blackburn","TN07_R_Blackburn"
"431","TN08","TN","8",NA,"Tennessee","","Timothy Dixon","D","0","Timothy","Dixon","TN08_D_Dixon"
"434","TN08","TN","8",NA,"Tennessee","","Stephen Fincher","R","1","Stephen","Fincher","TN08_R_Fincher"
"186","TN09","TN","9",NA,"Tennessee","","Steve Cohen","D","1","Steve","Cohen","TN09_D_Cohen"
"828","TN09","TN","9",NA,"Tennessee",NA,"George Flinn","R","0","George","Flinn","TN09_R_Flinn"
"192","VA11","VA","11","544","Virginia","","Chris Perkins","R","False","Chris","Perkins","VA11_R_Perkins"
"441","VT01","VT","1",NA,"Vermont","","Peter Welch","D","1","Peter","Welch","VT01_D_Welch"
"442","WA01","WA","1",NA,"Washington","","Suzan DelBene","D","0","Suzan","DelBene","WA01_D_DelBene"
"451","WA01","WA","1",NA,"Washington","","John Koster","R","0","John","Koster","WA01_R_Koster"
"453","WA02","WA","2",NA,"Washington","","Rick Larsen","D","1","Rick","Larsen","WA02_D_Larsen"
"454","WA02","WA","2",NA,"Washington","","Dan Matthews","R","0","Dan","Matthews","WA02_R_Matthews"
"194","WA03","WA","3",NA,"Washington","","Jon Haugen","D","0","Jon","Haugen","WA03_D_Haugen"
"195","WA03","WA","3",NA,"Washington","","Jaime Beutler","R","1","Jaime","Beutler","WA03_R_Beutler"
"459","WA04","WA","4",NA,"Washington","","Mary Baechler","D","0","Mary","Baechler","WA04_D_Baechler"
"461","WA04","WA","4",NA,"Washington","","Doc Hastings","R","1","Doc","Hastings","WA04_R_Hastings"
"197","WA05","WA","5",NA,"Washington","","Rich Cowan","D","0","Rich","Cowan","WA05_D_Cowan"
"843","WA05","WA","5",NA,"Washington",NA,"Cathy Rodgers","R","1","Cathy","Rodgers","WA05_R_Rodgers"
"466","WA06","WA","6",NA,"Washington","","Derek Kilmer","D","0","Derek","Kilmer","WA06_D_Kilmer"
"471","WA06","WA","6",NA,"Washington","","Bill Driscoll","R","0","Bill","Driscoll","WA06_R_Driscoll"
"472","WA07","WA","7",NA,"Washington","","Jim McDermott","D","1","Jim","McDermott","WA07_D_McDermott"
"476","WA07","WA","7",NA,"Washington","","Ron Bemis","R","0","Ron","Bemis","WA07_R_Bemis"
"478","WA08","WA","8",NA,"Washington","","Karen Porterfield","D","0","Karen","Porterfield","WA08_D_Porterfield"
"480","WA08","WA","8",NA,"Washington","","Dave Reichert","R","1","Dave","Reichert","WA08_R_Reichert"
"483","WA09","WA","9",NA,"Washington","","Adam Smith","D","1","Adam","Smith","WA09_D_Smith"
"486","WA09","WA","9",NA,"Washington","","Jim Postma","R","0","Jim","Postma","WA09_R_Postma"
"488","WA10","WA","10",NA,"Washington","","Denny Heck","D","0","Denny","Heck","WA10_D_Heck"
"490","WA10","WA","10",NA,"Washington","","Dick Muri","R","0","Dick","Muri","WA10_R_Muri"
"492","WI01","WI","1",NA,"Wisconsin","","Rob Zerban","D","0","Rob","Zerban","WI01_D_Zerban"
"493","WI01","WI","1",NA,"Wisconsin","","Paul Ryan","R","1","Paul","Ryan","WI01_R_Ryan"
"2012","WI02","WI","2",NA,"Wisconsin","","Mark Pocan","D","0","Mark","Pocan","WI02_D_Pocan"
"829","WI02","WI","2",NA,"Wisconsin",NA,"Chad Lee","R","0","Chad","Lee","WI02_R_Lee"
"499","WI03","WI","3",NA,"Wisconsin","","Ron Kind","D","1","Ron","Kind","WI03_D_Kind"
"500","WI03","WI","3",NA,"Wisconsin","","Ray Boland","R","0","Ray","Boland","WI03_R_Boland"
"501","WI04","WI","4",NA,"Wisconsin","","Gwen Moore","D","1","Gwen","Moore","WI04_D_Moore"
"502","WI04","WI","4",NA,"Wisconsin","","Dan Sebring","R","0","Dan","Sebring","WI04_R_Sebring"
"503","WI05","WI","5",NA,"Wisconsin","","David Heaster","D","0","David","Heaster","WI05_D_Heaster"
"504","WI05","WI","5",NA,"Wisconsin","","Jim Sensenbrenner","R","1","Jim","Sensenbrenner","WI05_R_Sensenbrenner"
"830","WI06","WI","6",NA,"Wisconsin",NA,"Joe Kallas","D","0","Joe","Kallas","WI06_D_Kallas"
"2072","WI06","WI","6",NA,"Wisconsin","","Tom Petri","R","1","Tom","Petri","WI06_R_Petri"
"507","WI07","WI","7",NA,"Wisconsin","","Patrick Kreitlow","D","0","Patrick","Kreitlow","WI07_D_Kreitlow"
"508","WI07","WI","7",NA,"Wisconsin","","Sean Duffy","R","1","Sean","Duffy","WI07_R_Duffy"
"509","WI08","WI","8",NA,"Wisconsin","","Jamie Wall","D","0","Jamie","Wall","WI08_D_Wall"
"510","WI08","WI","8",NA,"Wisconsin","","Reid Ribble","R","1","Reid","Ribble","WI08_R_Ribble"
"511","WY01","WY","1",NA,"Wyoming","","Cynthia Lummis","R","1","Cynthia","Lummis","WY01_R_Lummis"
"2100","AL01","AL"," 1","  5","Alabama","","Jo Bonner","R","True","Jo","Bonner","AL01_R_Bonner"
"3100","AL02","AL"," 2","  8","Alabama","","Terese Ford","D","False","Therese","Ford","AL02_D_Ford"
"4100","AL02","AL"," 2","  8","Alabama","","Martha Roby","R","True","Martha","Roby","AL02_R_Roby"
"5100","AL03","AL"," 3","  9","Alabama","","John Harris","D","False","John","Harris","AL03_D_Harris"
"6100","AL03","AL"," 3","  9","Alabama","","Mike Rogers","R","True","Mike","Rogers","AL03_R_Rogers"
"725","AL04","AL"," 4","  6","Alabama","","Daniel Boman","D","False","Daniel","Boman","AL04_D_Boman"
"810","AL04","AL"," 4","  6","Alabama","","Robert Aderholt","R","True","Robert","Aderholt","AL04_R_Aderholt"
"910","AL05","AL"," 5"," 10","Alabama","","Charlie Holley","D","False","Charlie","Holley","AL05_D_Holley"
"1010","AL05","AL"," 5"," 10","Alabama","","Mo Brooks","R","True","Mo","Brooks","AL05_R_Brooks"
"1110","AL06","AL"," 6"," 11","Alabama","","Penny Bailey","D","False","Penny","Bailey","AL06_D_Bailey"
"1210","AL06","AL"," 6"," 11","Alabama","","Spencer Bachus","R","True","Spencer","Bachus","AL06_R_Bachus"
"1310","AL07","AL"," 7"," 12","Alabama","","Terri Sewell","D","True","Terri","Sewell","AL07_D_Sewell"
"1410","AL07","AL"," 7"," 12","Alabama","","Don Chamberlain","R","False","Don","Chamberlain","AL07_R_Chamberlain"
"1510","AR01","AR"," 1"," 15","Arkansas","","Scott Ellington","D","False","Scott","Ellington","AR01_D_Ellington"
"1610","AR01","AR"," 1"," 15","Arkansas","","Rick Crawford","R","True","Rick","Crawford","AR01_R_Crawford"
"1710","AR02","AR"," 2"," 16","Arkansas","","Herb Rule","D","False","Herb","Rule","AR02_D_Rule"
"1810","AR02","AR"," 2"," 16","Arkansas","","Tim Griffin","R","True","Tim","Griffin","AR02_R_Griffin"
"1910","AR03","AR"," 3"," 19","Arkansas","","Ken Aden","D","False","Ken","Aden","AR03_D_Aden"
"2010","AR03","AR"," 3"," 19","Arkansas","","Steve Womack","R","True","Steve","Womack","AR03_R_Womack"
"2110","AR04","AR"," 4"," 17","Arkansas","","Gene Jeffress","D","False","Gene","Jeffress","AR04_D_Jeffress"
"2210","AR04","AR"," 4"," 17","Arkansas","","Tom Cotton","R","False","Thomas","Cotton","AR04_R_Cotton"
"3210","CA01","CA"," 1"," 83","California","","Jim Reed","D","False","Jim","Reed","CA01_D_Reed"
"3310","CA01","CA"," 1"," 83","California","","Doug LaMalfa","R","False","Doug","LaMalfa","CA01_R_LaMalfa"
"3410","CA02","CA"," 2"," 33","California","","Jared Huffman","D","False","Jared","Huffman","CA02_D_Huffman"
"3510","CA02","CA"," 2"," 33","California","","Dan Roberts","R","False","Dan","Roberts","CA02_R_Roberts"
"3710","CA03","CA"," 3"," 34","California","","John Garamendi","D","True","John","Garamendi","CA03_D_Garamendi"
"3610","CA03","CA"," 3"," 34","California","","Kim Vann","R","False","Kim","Vann","CA03_R_Vann"
"3910","CA04","CA"," 4"," 35","California","","Jack Uppal","D","False","Jack","Uppal","CA04_D_Uppal"
"3810","CA04","CA"," 4"," 35","California","","Tom McClintock","R","True","Tom","McClintock","CA04_R_McClintock"
"4010","CA05","CA"," 5"," 36","California","","Mike Thompson","D","True","Mike","Thompson","CA05_D_Thompson"
"4110","CA05","CA"," 5"," 36","California","","Randy Loftin","R","False","Randy","Loftin","CA05_R_Loftin"
"4210","CA06","CA"," 6"," 37","California","","Doris Matsui","D","True","Doris","Matsui","CA06_D_Matsui"
"4310","CA06","CA"," 6"," 37","California","","Joseph McCray Sr.","R","False","Joseph","McCray","CA06_R_McCray"
"4410","CA07","CA"," 7"," 38","California","","Ami Bera","D","False","Ami","Bera","CA07_D_Bera"
"4510","CA07","CA"," 7"," 38","California","","Dan Lungren","R","True","Dan","Lungren","CA07_R_Lungren"
"4810","CA09","CA"," 9"," 40","California","","Jerry McNerney","D","True","Jerry","McNerney","CA09_D_McNerney"
"4910","CA09","CA"," 9"," 40","California","","Ricky Gill","R","False","Ricky","Gill","CA09_R_Gill"
"5110","CA10","CA","10"," 86","California","","Jose Hernandez","D","False","Jose","Hernandez","CA10_D_Hernandez"
"5010","CA10","CA","10"," 86","California","","Jeff Denham","R","True","Jeff","Denham","CA10_R_Denham"
"5210","CA11","CA","11"," 41","California","","George Miller","D","True","George","Miller","CA11_D_Miller"
"5310","CA11","CA","11"," 41","California","","Virginia Fuller","R","False","Virginia","Fuller","CA11_R_Fuller"
"5410","CA12","CA","12"," 42","California","","Nancy Pelosi","D","True","Nancy","Pelosi","CA12_D_Pelosi"
"5510","CA12","CA","12"," 42","California","","John Dennis","R","False","John","Dennis","CA12_R_Dennis"
"5610","CA13","CA","13"," 43","California","","Barbara Lee","D","True","Barbara","Lee","CA13_D_Lee"
"5810","CA14","CA","14"," 44","California","","Jackie Speier","D","True","Jackie","Speier","CA14_D_Speier"
"5910","CA14","CA","14"," 44","California","","Debbie Bacigalupi","R","False","Debbie","Bacigalupi","CA14_R_Bacigalupi"
"6010","CA15","CA","15"," 45","California","","Pete Stark","D","True","Pete","Stark","CA15_D_Stark"
"6110","CA15","CA","15"," 45","California","","Eric Swalwell","D","False","Eric","Swalwell","CA15_D_Swalwell"
"6210","CA16","CA","16"," 46","California","","Jim Costa","D","True","Jim","Costa","CA16_D_Costa"
"6310","CA16","CA","16"," 46","California","","Brian Whelan","R","False","Brian","Whelan","CA16_R_Whelan"
"6410","CA17","CA","17"," 47","California","","Mike Honda","D","True","Mike","Honda","CA17_D_Honda"
"6510","CA17","CA","17"," 47","California","","Evelyn Li","R","False","Evelyn","Li","CA17_R_Li"
"6610","CA18","CA","18"," 48","California","","Anna Eshoo","D","True","Anna","Eshoo","CA18_D_Eshoo"
"6710","CA18","CA","18"," 48","California","","Dave Chapman","R","False","Dave","Chapman","CA18_R_Chapman"
"6810","CA19","CA","19"," 49","California","","Zoe Lofgren","D","True","Zoe","Lofgren","CA19_D_Lofgren"
"6910","CA19","CA","19"," 49","California","","Robert Murray","R","False","Robert","Murray","CA19_R_Murray"
"7010","CA20","CA","20"," 50","California","","Sam Farr","D","True","Sam","Farr","CA20_D_Farr"
"7110","CA20","CA","20"," 50","California","","Jeff Taylor","R","False","Jeff","Taylor","CA20_R_Taylor"
"731","CA21","CA","21"," 51","California","","John Hernandez","D","False","John","Hernandez","CA21_D_Hernandez"
"726","CA21","CA","21"," 51","California","","David Valadao","R","False","David","Valadao","CA21_R_Valadao"
"751","CA22","CA","22"," 52","California","","Otto Lee","D","False","Otto","Lee","CA22_D_Lee"
"741","CA22","CA","22"," 52","California","","Devin Nunes","R","True","Devin","Nunes","CA22_R_Nunes"
"761","CA23","CA","23"," 53","California","","Kevin McCarthy","R","True","Kevin","McCarthy","CA23_R_McCarthy"
"781","CA24","CA","24"," 54","California","","Lois Capps","D","True","Lois","Capps","CA24_D_Capps"
"791","CA24","CA","24"," 54","California","","Abel Maldonado","R","False","Abel","Maldonado","CA24_R_Maldonado"
"811","CA25","CA","25"," 55","California","","Lee Rogers","D","False","Lee","Rogers","CA25_D_Rogers"
"801","CA25","CA","25"," 55","California","","Buck McKeon","R","True","Buck","Mckeon","CA25_R_Mckeon"
"821","CA26","CA","26"," 56","California","","Julia Brownley","D","False","Julia","Brownley","CA26_D_Brownley"
"831","CA26","CA","26"," 56","California","","Tony Strickland","R","False","Tony","Strickland","CA26_R_Strickland"
"841","CA27","CA","27"," 57","California","","Judy Chu","D","True","Judy","Chu","CA27_D_Chu"
"851","CA27","CA","27"," 57","California","","Jack Orswell","R","False","Jack","Orswell","CA27_R_Orswell"
"861","CA28","CA","28"," 58","California","","Adam Schiff","D","True","Adam","Schiff","CA28_D_Schiff"
"871","CA28","CA","28"," 58","California","","Phil Jennerjahn","R","False","Phil","Jennerjahn","CA28_R_Jennerjahn"
"901","CA30","CA","30"," 60","California","","Howard Berman","D","True","Howard","Berman","CA30_D_Berman"
"911","CA30","CA","30"," 60","California","","Brad Sherman","D","True","Brad","Sherman","CA30_D_Sherman"
"921","CA31","CA","31"," 61","California","","Gary Miller","R","True","Gary","Miller","CA31_R_Miller"
"931","CA31","CA","31"," 61","California","","Bob Dutton","R","False","Bob","Dutton","CA31_R_Dutton"
"941","CA32","CA","32"," 62","California","","Grace Napolitano","D","True","Grace","Napolitano","CA32_D_Napolitano"
"951","CA32","CA","32"," 62","California","","David Miller","R","False","David","Miller","CA32_R_Miller"
"961","CA33","CA","33"," 63","California","","Henry Waxman","D","True","Henry","Waxman","CA33_D_Waxman"
"981","CA34","CA","34"," 64","California","","Xavier Becerra","D","True","Xavier","Becerra","CA34_D_Becerra"
"991","CA34","CA","34"," 64","California","","Stephen Smith","R","False","Stephen","Smith","CA34_R_Smith"
"1001","CA35","CA","35"," 65","California","","Joe Baca","D","True","Joe","Baca","CA35_D_Baca"
"1011","CA35","CA","35"," 65","California","","Gloria McLeod","D","False","Gloria","McLeod","CA35_D_McLeod"
"1031","CA36","CA","36"," 66","California","","Raul Ruiz","D","False","Raul","Ruiz","CA36_D_Ruiz"
"1021","CA36","CA","36"," 66","California","","Mary Bono Mack","R","True","Bono","Mack","CA36_R_Mack"
"1041","CA37","CA","37"," 67","California","","Karen Bass","D","True","Karen","Bass","CA37_D_Bass"
"1051","CA38","CA","38"," 68","California","","Linda Sanchez","D","True","Linda","Sanchez","CA38_D_Sanchez"
"1061","CA38","CA","38"," 68","California","","Benjamin Campos","R","False","Benjamin","Campos","CA38_R_Campos"
"1071","CA39","CA","39"," 69","California","","Jay Chen","D","False","Jay","Chen","CA39_D_Chen"
"1081","CA39","CA","39"," 69","California","","Ed Royce","R","True","Ed","Royce","CA39_R_Royce"
"1091","CA40","CA","40"," 70","California","","Lucille Roybal-Allard","D","True","Lucille","Roybal-Allard","CA40_D_Roybal-Allard"
"1101","CA40","CA","40"," 70","California","","David Sanchez","D","False","David","Sanchez","CA40_D_Sanchez"
"1111","CA41","CA","41"," 71","California","","Mark Takano","D","False","Mark","Takano","CA41_D_Takano"
"1121","CA41","CA","41"," 71","California","","John Tavaglione","R","False","John","Tavaglione","CA41_R_Tavaglione"
"1131","CA42","CA","42"," 72","California","","Michael Williamson","D","False","Michael","Williamson","CA42_D_Williamson"
"1141","CA42","CA","42"," 72","California","","Ken Calvert","R","True","Ken","Calvert","CA42_R_Calvert"
"1151","CA43","CA","43"," 73","California","","Maxine Waters","D","True","Maxine","Waters","CA43_D_Waters"
"1161","CA43","CA","43"," 73","California","","Bob Flores","D","False","Bob","Flores","CA43_D_Flores"
"1171","CA44","CA","44"," 74","California","","Janice Hahn","D","True","Janice","Hahn","CA44_D_Hahn"
"1181","CA44","CA","44"," 74","California","","Laura Richardson","D","True","Laura","Richardson","CA44_D_Richardson"
"1201","CA45","CA","45"," 75","California","","Sukhee Kang","D","False","Sukhee","Kang","CA45_D_Kang"
"1191","CA45","CA","45"," 75","California","","John Campbell","R","True","John","Campbell","CA45_R_Campbell"
"1211","CA46","CA","46"," 76","California","","Loretta Sanchez","D","True","Loretta","Sanchez","CA46_D_Sanchez"
"1221","CA46","CA","46"," 76","California","","Jerry Hayden","R","False","Jerry","Hayden","CA46_R_Hayden"
"1231","CA47","CA","47"," 77","California","","Alan Lowenthal","D","False","Alan","Lowenthal","CA47_D_Lowenthal"
"1241","CA47","CA","47"," 77","California","","Gary Delong","R","False","Gary","Delong","CA47_R_Delong"
"1261","CA48","CA","48"," 85","California","","Ron Varasteh","D","False","Ron","Varasteh","CA48_D_Varasteh"
"1251","CA48","CA","48"," 85","California","","Dana Rohrabacher","R","True","Dana","Rohrabacher","CA48_R_Rohrabacher"
"1281","CA49","CA","49"," 78","California","","Jerry Tetalman","D","False","Jerry","Tetalman","CA49_D_Tetalman"
"1271","CA49","CA","49"," 78","California","","Darrell Issa","R","True","Darrell","Issa","CA49_R_Issa"
"1301","CA50","CA","50"," 79","California","","David Secor","D","False","David","Secor","CA50_D_Secor"
"1291","CA50","CA","50"," 79","California","","Duncan D. Hunter","R","True","Duncan","Hunter","CA50_R_Hunter"
"1311","CA51","CA","51"," 80","California","","Juan Vargas","D","False","Juan","Vargas","CA51_D_Vargas"
"1321","CA51","CA","51"," 80","California","","Michael Crimmins","R","False","Michael","Crimmins","CA51_R_Crimmins"
"1341","CA52","CA","52"," 84","California","","Scott Peters","D","False","Scott","Peters","CA52_D_Peters"
"1331","CA52","CA","52"," 84","California","","Brian Bilbray","R","True","Brian","Bilbray","CA52_R_Bilbray"
"1351","CA53","CA","53"," 81","California","","Susan Davis","D","True","Susan","Davis","CA53_D_Davis"
"1361","CA53","CA","53"," 81","California","","Nick Popaditch","R","False","Nick","Popaditch","CA53_R_Popaditch"
"1371","CO01","CO"," 1"," 96","Colorado","","Diana DeGette","D","True","Diana","DeGette","CO01_D_DeGette"
"1381","CO01","CO"," 1"," 96","Colorado","","Danny Stroud","R","False","Danny","Stroud","CO01_R_Stroud"
"1391","CO02","CO"," 2"," 89","Colorado","","Jared Polis","D","True","Jared","Polis","CO02_D_Polis"
"1401","CO02","CO"," 2"," 89","Colorado","","Kevin Lundberg","R","False","Kevin","Lundberg","CO02_R_Lundberg"
"1411","CO03","CO"," 3"," 90","Colorado","","Sal Pace","D","False","Sal","Pace","CO03_D_Pace"
"1421","CO03","CO"," 3"," 90","Colorado","","Scott Tipton","R","True","Scott","Tipton","CO03_R_Tipton"
"1431","CO04","CO"," 4"," 91","Colorado","","Brandon Shaffer","D","False","Brandon","Shaffer","CO04_D_Shaffer"
"1441","CO04","CO"," 4"," 91","Colorado","","Cory Gardner","R","True","Cory","Gardner","CO04_R_Gardner"
"1461","CO06","CO"," 6"," 93","Colorado","","Joe Miklosi","D","False","Joe","Miklosi","CO06_D_Miklosi"
"1471","CO06","CO"," 6"," 93","Colorado","","Mike Coffman","R","True","Mike","Coffman","CO06_R_Coffman"
"1481","CO07","CO"," 7"," 95","Colorado","","Ed Perlmutter","D","True","Ed","Perlmutter","CO07_D_Perlmutter"
"1491","CO07","CO"," 7"," 95","Colorado","","Joe Coors","R","False","Joe","Coors","CO07_R_Coors"
"2001","IA01","IA"," 1","160","Iowa","","Bruce Braley","D","True","Bruce","Braley","IA01_D_Braley"
"1991","IA01","IA"," 1","160","Iowa","","Ben Lange","R","False","Ben","Lange","IA01_R_Lange"
"2021","IA02","IA"," 2","161","Iowa","","Dave Loebsack","D","True","Dave","Loebsack","IA02_D_Loebsack"
"2011","IA02","IA"," 2","161","Iowa","","John Archer","R","False","John","Archer","IA02_R_Archer"
"2041","IA03","IA"," 3","162","Iowa","","Leonard Boswell","D","True","Leonard","Boswell","IA03_D_Boswell"
"2031","IA03","IA"," 3","162","Iowa","","Tom Latham","R","True","Tom","Latham","IA03_R_Latham"
"2061","IA04","IA"," 4","163","Iowa","","Christie Vilsack","D","False","Christie","Vilsack","IA04_D_Vilsack"
"2051","IA04","IA"," 4","163","Iowa","","Steve King","R","True","Steve","King","IA04_R_King"
"2071","ID01","ID"," 1","168","Idaho","","Jimmy Farris","D","False","Jimmy","Farris","ID01_D_Farris"
"2081","ID01","ID"," 1","168","Idaho","","Raul Labrador","R","True","Raul","Labrador","ID01_R_Labrador"
"2091","ID02","ID"," 2","169","Idaho","","Nicole LeFavour","D","False","Nicole","Lefavour","ID02_D_Lefavour"
"2101","ID02","ID"," 2","169","Idaho","","Mike Simpson","R","True","Mike","Simpson","ID02_R_Simpson"
"2111","IL01","IL"," 1","174","Illinois","","Bobby Rush","D","True","Bobby","Rush","IL01_D_Rush"
"2121","IL01","IL"," 1","174","Illinois","","Donald Peloquin","R","False","Donald","Peloquin","IL01_R_Peloquin"
"2141","IL02","IL"," 2","175","Illinois","","Jesse Jackson Jr.","D","True","Jesse","Jackson","IL02_D_Jackson"
"2131","IL02","IL"," 2","175","Illinois","","Brian Woodworth","R","False","Brian","Woodworth","IL02_R_Woodworth"
"2151","IL03","IL"," 3","176","Illinois","","Dan Lipinski","D","True","Dan","Lipinski","IL03_D_Lipinski"
"2161","IL03","IL"," 3","176","Illinois","","Richard Grabowski","R","False","Richard","Grabowski","IL03_R_Grabowski"
"2181","IL05","IL"," 5","178","Illinois","","Mike Quigley","D","True","Mike","Quigley","IL05_D_Quigley"
"2191","IL05","IL"," 5","178","Illinois","","Dan Schmitt","R","False","Dan","Schmitt","IL05_R_Schmitt"
"2201","IL06","IL"," 6","179","Illinois","","Leslie Coolidge","D","False","Leslie","Coolidge","IL06_D_Coolidge"
"2211","IL06","IL"," 6","179","Illinois","","Peter Roskam","R","True","Peter","Roskam","IL06_R_Roskam"
"2221","IL07","IL"," 7","180","Illinois","","Danny Davis","D","True","Danny","Davis","IL07_D_Davis"
"2231","IL08","IL"," 8","181","Illinois","","Tammy Duckworth","D","False","Tammy","Duckworth","IL08_D_Duckworth"
"2241","IL08","IL"," 8","181","Illinois","","Joe Walsh","R","True","Joe","Walsh","IL08_R_Walsh"
"2251","IL09","IL"," 9","182","Illinois","","Jan Schakowsky","D","True","Jan","Schakowsky","IL09_D_Schakowsky"
"2261","IL09","IL"," 9","182","Illinois","","Timothy Wolfe","R","False","Tim","Wolfe","IL09_R_Wolfe"
"2281","IL10","IL","10","183","Illinois","","Brad Schneider","D","False","Brad","Schneider","IL10_D_Schneider"
"2271","IL10","IL","10","183","Illinois","","Robert Dold","R","True","Robert","Dold","IL10_R_Dold"
"2291","IL11","IL","11","184","Illinois","","Bill Foster","D","False","Bill","Foster","IL11_D_Foster"
"2301","IL11","IL","11","184","Illinois","","Judy Biggert","R","True","Judy","Biggert","IL11_R_Biggert"
"2321","IL12","IL","12","185","Illinois","","Bill Enyart","D","False","Bill","Enyart","IL12_D_Enyart"
"2311","IL12","IL","12","185","Illinois","","Jason Plummer","R","False","Jason","Plummer","IL12_R_Plummer"
"2331","IL13","IL","13","186","Illinois","","David Gill","D","False","David","Gill","IL13_D_Gill"
"2341","IL13","IL","13","186","Illinois","","Rodney Davis","R","False","Rodney","Davis","IL13_R_Davis"
"2351","IL14","IL","14","187","Illinois","","Dennis Anderson","D","False","Dennis","Anderson","IL14_D_Anderson"
"2361","IL14","IL","14","187","Illinois","","Randy Hultgren","R","True","Randy","Hultgren","IL14_R_Hultgren"
"2371","IL15","IL","15","188","Illinois","","Angela Michael","D","False","Angela","Michael","IL15_D_Michael"
"2381","IL15","IL","15","188","Illinois","","John Shimkus","R","True","John","Shimkus","IL15_R_Shimkus"
"2401","IL17","IL","17","190","Illinois","","Cheri Bustos","D","False","Cheri","Bustos","IL17_D_Bustos"
"2411","IL17","IL","17","190","Illinois","","Bobby Schilling","R","True","Bobby","Schilling","IL17_R_Schilling"
"2421","IL18","IL","18","191","Illinois","","Steve Waterworth","D","False","Steve","Waterworth","IL18_D_Waterworth"
"2431","IL18","IL","18","191","Illinois","","Aaron Schock","R","True","Aaron","Schock","IL18_R_Schock"
"2441","IN01","IN"," 1","195","Indiana","","Peter Visclosky","D","True","Pete","Visclosky","IN01_D_Visclosky"
"2451","IN01","IN"," 1","195","Indiana","","Joel Phelps","R","False","Joel","Phelps","IN01_R_Phelps"
"2461","IN02","IN"," 2","196","Indiana","","Brendan Mullen","D","False","Brendan","Mullen","IN02_D_Mullen"
"2471","IN02","IN"," 2","196","Indiana","","Jackie Walorski","R","False","Jackie","Walorski","IN02_R_Walorski"
"2481","IN03","IN"," 3","197","Indiana","","Kevin Boyd","D","False","Kevin","Boyd","IN03_D_Boyd"
"2491","IN03","IN"," 3","197","Indiana","","Marlin Stutzman","R","True","Marlin","Stutzman","IN03_R_Stutzman"
"2501","IN04","IN"," 4","198","Indiana","","Tara Nelson","D","False","Tara","Nelson","IN04_D_Nelson"
"2511","IN04","IN"," 4","198","Indiana","","Todd Rokita","R","True","Todd","Rokita","IN04_R_Rokita"
"2521","IN05","IN"," 5","199","Indiana","","Scott Reske","D","False","Scott","Reske","IN05_D_Reske"
"2531","IN05","IN"," 5","199","Indiana","","Susan Brooks","R","False","Susan","Brooks","IN05_R_Brooks"
"2541","IN06","IN"," 6","200","Indiana","","Bradley Bookout","D","False","Bradley","Bookout","IN06_D_Bookout"
"2551","IN06","IN"," 6","200","Indiana","","Luke Messer","R","False","Luke","Messer","IN06_R_Messer"
"2561","IN07","IN"," 7","201","Indiana","","Andre Carson","D","True","Andre","Carson","IN07_D_Carson"
"2571","IN07","IN"," 7","201","Indiana","","Carlos May","R","False","Carlos","May","IN07_R_May"
"2581","IN08","IN"," 8","202","Indiana","","Dave Crooks","D","False","David","Crooks","IN08_D_Crooks"
"2591","IN08","IN"," 8","202","Indiana","","Larry Bucshon","R","True","Larry","Bucshon","IN08_R_Bucshon"
"2601","IN09","IN"," 9","203","Indiana","","Shelli Yoder","D","False","Shelli","Yoder","IN09_D_Yoder"
"2611","IN09","IN"," 9","203","Indiana","","Todd Young","R","True","Todd","Young","IN09_R_Young"
"2671","KY01","KY"," 1","218","Kentucky","","Charles Hatchett","D","False","Charles","Hatchett","KY01_D_Hatchett"
"2661","KY01","KY"," 1","218","Kentucky","","Ed Whitfield","R","True","Ed","Whitfield","KY01_R_Whitfield"
"2691","KY02","KY"," 2","219","Kentucky","","David Williams","D","False","David","Williams","KY02_D_Williams"
"2681","KY02","KY"," 2","219","Kentucky","","Brett Guthrie","R","True","Brett","Guthrie","KY02_R_Guthrie"
"2711","KY03","KY"," 3","214","Kentucky","","John Yarmuth","D","True","John","Yarmuth","KY03_D_Yarmuth"
"2701","KY03","KY"," 3","214","Kentucky","","Brooks Wicker","R","False","Brooks","Wicker","KY03_R_Wicker"
"2731","KY04","KY"," 4","215","Kentucky","","William Adkins","D","False","Bill","Adkins","KY04_D_Adkins"
"2721","KY04","KY"," 4","215","Kentucky","","Thomas Massie","R","False","Thomas","Massie","KY04_R_Massie"
"2751","KY05","KY"," 5","216","Kentucky","","Kenneth Stepp","D","False","Ken","Stepp","KY05_D_Stepp"
"2741","KY05","KY"," 5","216","Kentucky","","Hal Rogers","R","True","Hal","Rogers","KY05_R_Rogers"
"2771","KY06","KY"," 6","217","Kentucky","","Ben Chandler","D","True","Ben","Chandler","KY06_D_Chandler"
"2761","KY06","KY"," 6","217","Kentucky","","Andy Barr","R","False","Andy","Barr","KY06_R_Barr"
"2941","MD01","MD"," 1","246","Maryland","","Wendy Rosen","D","False","Wendy","Rosen","MD01_D_Rosen"
"2931","MD01","MD"," 1","246","Maryland","","Andy Harris","R","True","Andy","Harris","MD01_R_Harris"
"2961","MD02","MD"," 2","247","Maryland","","Dutch Ruppersberger","D","True","Dutch","Ruppersberger","MD02_D_Ruppersberger"
"2951","MD02","MD"," 2","247","Maryland","","Nancy Jacobs","R","False","Nancy","Jacobs","MD02_R_Jacobs"
"2981","MD03","MD"," 3","248","Maryland","","John Sarbanes","D","True","John","Sarbanes","MD03_D_Sarbanes"
"2971","MD03","MD"," 3","248","Maryland","","Eric Knowles","R","False","Eric","Knowles","MD03_R_Knowles"
"3001","MD04","MD"," 4","249","Maryland","","Donna Edwards","D","True","Donna","Edwards","MD04_D_Edwards"
"2991","MD04","MD"," 4","249","Maryland","","Faith Loudon","R","False","Faith","Loudon","MD04_R_Loudon"
"3021","MD05","MD"," 5","250","Maryland","","Steny Hoyer","D","True","Steny","Hoyer","MD05_D_Hoyer"
"3011","MD05","MD"," 5","250","Maryland","","Tony O'Donnell","R","False","Tony","O'Donnell","MD05_R_O'Donnell"
"3041","MD06","MD"," 6","251","Maryland","","John Delaney","D","False","John","Delaney","MD06_D_Delaney"
"3031","MD06","MD"," 6","251","Maryland","","Roscoe Bartlett","R","True","Roscoe","Bartlett","MD06_R_Bartlett"
"3061","MD07","MD"," 7","252","Maryland","","Elijah Cummings","D","True","Elijah","Cummings","MD07_D_Cummings"
"3051","MD07","MD"," 7","252","Maryland","","Frank Mirabile","R","False","Frank","Mirabile","MD07_R_Mirabile"
"3081","MD08","MD"," 8","253","Maryland","","Chris Van Hollen","D","True","Chris","Van Hollen","MD08_D_Van Hollen"
"3071","MD08","MD"," 8","253","Maryland","","Ken Timmerman","R","False","Ken","Timmerman","MD08_R_Timmerman"
"3091","ME01","ME"," 1","257","Maine","","Chellie Pingree","D","True","Chellie","Pingree","ME01_D_Pingree"
"3101","ME01","ME"," 1","257","Maine","","Jonathan Courtney","R","False","Jon","Courtney","ME01_R_Courtney"
"3121","ME02","ME"," 2","258","Maine","","Mike Michaud","D","True","Mike","Michaud","ME02_D_Michaud"
"3111","ME02","ME"," 2","258","Maine","","Kevin Raye","R","False","Kevin","Raye","ME02_R_Raye"
"3441","MS01","MS"," 1","304","Mississippi","","Brad Morris","D","False","Brad","Morris","MS01_D_Morris"
"3431","MS01","MS"," 1","304","Mississippi","","Alan Nunnelee","R","True","Alan","Nunnelee","MS01_R_Nunnelee"
"3461","MS02","MS"," 2","303","Mississippi","","Bennie Thompson","D","True","Bennie","Thompson","MS02_D_Thompson"
"3451","MS02","MS"," 2","303","Mississippi","","Bill Marcy","R","False","Bill","Marcy","MS02_R_Marcy"
"3481","MS03","MS"," 3","305","Mississippi","","Crystal Biggs","D","False","Crystal","Biggs","MS03_D_Biggs"
"3471","MS03","MS"," 3","305","Mississippi","","Gregg Harper","R","True","Gregg","Harper","MS03_R_Harper"
"3501","MS04","MS"," 4","306","Mississippi","","Michael Herrington","D","False","Michael","Herrington","MS04_D_Herrington"
"3491","MS04","MS"," 4","306","Mississippi","","Steven Palazzo","R","True","Steven","Palazzo","MS04_R_Palazzo"
"3521","MT01","MT"," 1","310","Montana","","Kim Gillan","D","False","Kim","Gillan","MT01_D_Gillan"
"3511","MT01","MT"," 1","310","Montana","","Steve Daines","R","False","Steve","Daines","MT01_R_Daines"
"3531","NC01","NC"," 1","318","North Carolina","","G.K. Butterfield","D","True","G","Butterfield","NC01_D_Butterfield"
"3541","NC01","NC"," 1","318","North Carolina","","Pete DiLauro","R","False","Peter","DiLauro","NC01_R_DiLauro"
"3551","NC02","NC"," 2","319","North Carolina","","Steve Wilkins","D","False","Steve","Wilkins","NC02_D_Wilkins"
"3561","NC02","NC"," 2","319","North Carolina","","Renee Ellmers","R","True","Renee","Ellmers","NC02_R_Ellmers"
"3571","NC03","NC"," 3","314","North Carolina","","Erik Anderson","D","False","Erik","Anderson","NC03_D_Anderson"
"3581","NC03","NC"," 3","314","North Carolina","","Walter Jones","R","True","Walter","Jones","NC03_R_Jones"
"3591","NC04","NC"," 4","320","North Carolina","","David Price","D","True","David","Price","NC04_D_Price"
"3601","NC04","NC"," 4","320","North Carolina","","Tim D'Annunzio","R","False","Tim","D'Annunzio","NC04_R_D'Annunzio"
"3611","NC05","NC"," 5","321","North Carolina","","Elisabeth Motsinger","D","False","Elisabeth","Motsinger","NC05_D_Motsinger"
"3621","NC05","NC"," 5","321","North Carolina","","Virginia Foxx","R","True","Virginia","Foxx","NC05_R_Foxx"
"3631","NC06","NC"," 6","322","North Carolina","","Tony Foriest","D","False","Tony","Foriest","NC06_D_Foriest"
"3641","NC06","NC"," 6","322","North Carolina","","Howard Coble","R","True","Howard","Coble","NC06_R_Coble"
"3651","NC07","NC"," 7","315","North Carolina","","Mike McIntyre","D","True","Mike","McIntyre","NC07_D_McIntyre"
"3661","NC07","NC"," 7","315","North Carolina","","David Rouzer","R","False","David","Rouzer","NC07_R_Rouzer"
"3671","NC08","NC"," 8","323","North Carolina","","Larry Kissell","D","True","Larry","Kissell","NC08_D_Kissell"
"3681","NC08","NC"," 8","323","North Carolina","","Richard Hudson","R","False","Richard","Hudson","NC08_R_Hudson"
"3691","NC09","NC"," 9","316","North Carolina","","Jennifer Roberts","D","False","Jennifer","Roberts","NC09_D_Roberts"
"3701","NC09","NC"," 9","316","North Carolina","","Robert Pittenger","R","False","Robert","Pittenger","NC09_R_Pittenger"
"3711","NC10","NC","10","324","North Carolina","","Patsy Keever","D","False","Patsy","Keever","NC10_D_Keever"
"3721","NC10","NC","10","324","North Carolina","","Patrick McHenry","R","True","Patrick","McHenry","NC10_R_McHenry"
"3731","NC11","NC","11","317","North Carolina","","Hayden Rogers","D","False","Hayden","Rogers","NC11_D_Rogers"
"3741","NC11","NC","11","317","North Carolina","","Mark Meadows","R","False","Mark","Meadows","NC11_R_Meadows"
"3751","NC12","NC","12","325","North Carolina","","Mel Watt","D","True","Melvin","Watt","NC12_D_Watt"
"3761","NC12","NC","12","325","North Carolina","","Jack Brosch","R","False","Jack","Brosch","NC12_R_Brosch"
"3781","NC13","NC","13","326","North Carolina","","Charles Malone","D","False","Charles","Malone","NC13_D_Malone"
"3771","NC13","NC","13","326","North Carolina","","George Holding","R","False","George","Holding","NC13_R_Holding"
"3791","ND01","ND"," 1","330","North Dakota","","Pam Gulleson","D","False","Pam","Gulleson","ND01_D_Gulleson"
"3801","ND01","ND"," 1","330","North Dakota","","Kevin Cramer","R","False","Kevin","Cramer","ND01_R_Cramer"
"3821","NE01","NE"," 1","335","Nebraska","","Korey Reiman","D","False","Korey","Reiman","NE01_D_Reiman"
"3811","NE01","NE"," 1","335","Nebraska","","Jeff Fortenberry","R","True","Jeff","Fortenberry","NE01_R_Fortenberry"
"3841","NE02","NE"," 2","337","Nebraska","","John Ewing","D","False","John","Ewing","NE02_D_Ewing"
"3831","NE02","NE"," 2","337","Nebraska","","Lee Terry","R","True","Lee","Terry","NE02_R_Terry"
"3861","NE03","NE"," 3","336","Nebraska","","Mark Sullivan","D","False","Mark","Sullivan","NE03_D_Sullivan"
"3851","NE03","NE"," 3","336","Nebraska","","Adrian Smith","R","True","Adrian","Smith","NE03_R_Smith"
"3891","NJ01","NJ"," 1","345","New Jersey","","Robert Andrews","D","True","Robert","Andrews","NJ01_D_Andrews"
"3901","NJ01","NJ"," 1","345","New Jersey","","Greg Horton","R","False","Gregory","Horton","NJ01_R_Horton"
"3911","NJ02","NJ"," 2","346","New Jersey","","Cassandra Shober","D","False","Cassandra","Shober","NJ02_D_Shober"
"3921","NJ02","NJ"," 2","346","New Jersey","","Frank LoBiondo","R","True","Frank","LoBiondo","NJ02_R_LoBiondo"
"3931","NJ03","NJ"," 3","351","New Jersey","","Shelley Adler","D","False","Shelley","Adler","NJ03_D_Adler"
"3941","NJ03","NJ"," 3","351","New Jersey","","Jon Runyan","R","True","Jon","Runyan","NJ03_R_Runyan"
"3951","NJ04","NJ"," 4","347","New Jersey","","Brian Froelich","D","False","Brian","Froelich","NJ04_D_Froelich"
"3961","NJ04","NJ"," 4","347","New Jersey","","Chris Smith","R","True","Chris","Smith","NJ04_R_Smith"
"3971","NJ05","NJ"," 5","348","New Jersey","","Adam Gussen","D","False","Adam","Gussen","NJ05_D_Gussen"
"3981","NJ05","NJ"," 5","348","New Jersey","","Scott Garrett","R","True","Scott","Garrett","NJ05_R_Garrett"
"3991","NJ06","NJ"," 6","349","New Jersey","","Frank Pallone","D","True","Frank","Pallone","NJ06_D_Pallone"
"4001","NJ06","NJ"," 6","349","New Jersey","","Anna Little","R","False","Anna","Little","NJ06_R_Little"
"4011","NJ07","NJ"," 7","352","New Jersey","","Upendra Chivukula","D","False","Upendra","Chivukula","NJ07_D_Chivukula"
"4021","NJ07","NJ"," 7","352","New Jersey","","Leonard Lance","R","True","Leonard","Lance","NJ07_R_Lance"
"4031","NJ08","NJ"," 8","350","New Jersey","","Albio Sires","D","True","Albio","Sires","NJ08_D_Sires"
"4041","NJ08","NJ"," 8","350","New Jersey","","Maria Karczewski","R","False","Maria","Karczewski","NJ08_R_Karczewski"
"4051","NJ09","NJ"," 9","355","New Jersey","","Bill Pascrell","D","True","Bill","Pascrell","NJ09_D_Pascrell"
"4061","NJ09","NJ"," 9","355","New Jersey","","Shmuley Boteach","R","False","Shmuley","Boteach","NJ09_R_Boteach"
"4071","NJ10","NJ","10","353","New Jersey","","Donald Payne Jr.","D","False","Donald","Payne","NJ10_D_Payne"
"4081","NJ10","NJ","10","353","New Jersey","","Brian Kelemen","R","False","Brian","Keleman","NJ10_R_Keleman"
"4091","NJ11","NJ","11","357","New Jersey","","John Arvanites","D","False","John","Arvanites","NJ11_D_Arvanites"
"4101","NJ11","NJ","11","357","New Jersey","","Rodney Frelinghuysen","R","True","Rodney","Frelinghuysen","NJ11_R_Frelinghuysen"
"4111","NJ12","NJ","12","354","New Jersey","","Rush Holt","D","True","Rush","Holt","NJ12_D_Holt"
"4121","NJ12","NJ","12","354","New Jersey","","Eric Beck","R","False","Eric","Beck","NJ12_R_Beck"
"4141","NM01","NM"," 1","360","New Mexico","","Michelle Lujan Grisham","D","False","Michelle","Grisham","NM01_D_Grisham"
"4131","NM01","NM"," 1","360","New Mexico","","Janice Arnold-Jones","R","False","Janice","Arnold-Jones","NM01_R_Arnold-Jones"
"4161","NM02","NM"," 2","363","New Mexico","","Evelyn Erhard","D","False","Evelyn","Erhard","NM02_D_Erhard"
"4151","NM02","NM"," 2","363","New Mexico","","Steve Pearce","R","True","Steve","Pearce","NM02_R_Pearce"
"4181","NM03","NM"," 3","361","New Mexico","","Ben R. Lujan","D","True","Ben","Lujan","NM03_D_Lujan"
"4171","NM03","NM"," 3","361","New Mexico","","Jefferson Byrd","R","False","Jeff","Byrd","NM03_R_Byrd"
"4191","NV01","NV"," 1","366","Nevada","","Dina Titus","D","False","Dina","Titus","NV01_D_Titus"
"4201","NV01","NV"," 1","366","Nevada","","Christopher Edwards","R","False","Chris","Edwards","NV01_R_Edwards"
"4211","NV02","NV"," 2","367","Nevada","","Samuel Koepnick","D","False","Sam","Koepnick","NV02_D_Koepnick"
"4221","NV02","NV"," 2","367","Nevada","","Mark Amodei","R","True","Mark","Amodei","NV02_R_Amodei"
"4231","NV03","NV"," 3","369","Nevada","","John Oceguera","D","False","John","Oceguera","NV03_D_Oceguera"
"4241","NV03","NV"," 3","369","Nevada","","Joe Heck","R","True","Joe","Heck","NV03_R_Heck"
"4251","NV04","NV"," 4","604","Nevada","","Steven Horsford","D","False","Steven","Horsford","NV04_D_Horsford"
"4261","NV04","NV"," 4","604","Nevada","","Danny Tarkanian","R","False","Danny","Tarkanian","NV04_R_Tarkanian"
"4271","NY01","NY"," 1","372","New York","","Timothy Bishop","D","True","Tim","Bishop","NY01_D_Bishop"
"4281","NY01","NY"," 1","372","New York","","Randy Altschuler","R","False","Randy","Altschuler","NY01_R_Altschuler"
"4291","NY02","NY"," 2","373","New York","","Vivianne Falcone","D","False","Vivanne","Falcone","NY02_D_Falcone"
"4301","NY02","NY"," 2","373","New York","","Peter King","R","True","Pete","King","NY02_R_King"
"4311","NY03","NY"," 3","374","New York","","Steve Israel","D","True","Steve","Israel","NY03_D_Israel"
"4321","NY03","NY"," 3","374","New York","","Stephen Labate","R","False","Stephen","Labate","NY03_R_Labate"
"4331","NY04","NY"," 4","375","New York","","Carolyn McCarthy","D","True","Carolyn","McCarthy","NY04_D_McCarthy"
"4341","NY04","NY"," 4","375","New York","","Francis Becker","R","False","Francis","Becker","NY04_R_Becker"
"4351","NY05","NY"," 5","376","New York","","Gregory Meeks","D","True","Gregory","Meeks","NY05_D_Meeks"
"4361","NY05","NY"," 5","376","New York","","Allan Jennings","R","False","Allan","Jennings","NY05_D_Jennings"
"4371","NY06","NY"," 6","377","New York","","Grace Meng","D","False","Grace","Meng","NY06_D_Meng"
"4381","NY06","NY"," 6","377","New York","","Daniel Halloran","R","False","Daniel","Halloran","NY06_R_Halloran"
"4391","NY07","NY"," 7","378","New York","","Nydia Velazquez","D","True","Nydia","Velazquez","NY07_D_Velazquez"
"4401","NY08","NY"," 8","379","New York","","Hakeem Jeffries","D","False","Hakeem","Jeffries","NY08_D_Jeffries"
"4411","NY08","NY"," 8","379","New York","","Alan Bellone","R","False","Alan","Bellone","NY08_R_Bellone"
"4421","NY09","NY"," 9","380","New York","","Yvette Clarke","D","True","Yvette","Clarke","NY09_D_Clarke"
"4431","NY09","NY"," 9","380","New York","","Daniel Cavanagh","R","False","Daniel","Cavanagh","NY09_R_Cavanagh"
"4441","NY10","NY","10","381","New York","","Jerrold Nadler","D","True","Jerrold","Nadler","NY10_D_Nadler"
"4451","NY10","NY","10","381","New York","","Michael Chan","R","False","Michael","Chan","NY10_R_Chan"
"4461","NY11","NY","11","382","New York","","Mark Murphy","D","False","Mark","Murphy","NY11_D_Murphy"
"4471","NY11","NY","11","382","New York","","Mike Grimm","R","True","Mike","Grimm","NY11_R_Grimm"
"4481","NY12","NY","12","383","New York","","Carolyn Maloney","D","True","Carolyn","Maloney","NY12_D_Maloney"
"4491","NY12","NY","12","383","New York","","Christopher Wight","R","False","Christopher","Wight","NY12_R_Wight"
"4501","NY13","NY","13","384","New York","","Charles Rangel","D","True","Charles","Rangel","NY13_D_Rangel"
"4511","NY14","NY","14","385","New York","","Joe Crowley","D","True","Joseph","Crowley","NY14_D_Crowley"
"4521","NY14","NY","14","385","New York","","William Gibbons","R","False","William","Gibbons","NY14_R_Gibbons"
"4531","NY15","NY","15","386","New York","","Jose E. Serrano","D","True","Jose","Serrano","NY15_D_Serrano"
"4541","NY15","NY","15","386","New York","","Frank Della Valle","R","False","Frank","Valle","NY15_R_Valle"
"4551","NY16","NY","16","387","New York","","Eliot Engel","D","True","Eliot","Engel","NY16_D_Engel"
"4561","NY16","NY","16","387","New York","","Joseph McLaughlin","R","False","Joseph","McLaughlin","NY16_R_McLaughlin"
"4571","NY17","NY","17","388","New York","","Nita Lowey","D","True","Nita","Lowey","NY17_D_Lowey"
"4581","NY17","NY","17","388","New York","","Joe Carvin","R","False","Joseph","Carvin","NY17_R_Carvin"
"4591","NY18","NY","18","389","New York","","Sean Maloney","D","False","Sean","Maloney","NY18_D_Maloney"
"4601","NY18","NY","18","389","New York","","Nan Hayworth","R","True","Nan","Hayworth","NY18_R_Hayworth"
"4611","NY19","NY","19","390","New York","","Julian Schreibman","D","False","Julian","Schreibman","NY19_D_Schreibman"
"4621","NY19","NY","19","390","New York","","Christopher Gibson","R","True","Chris","Gibson","NY19_R_Gibson"
"4631","NY20","NY","20","391","New York","","Paul Tonko","D","True","Paul","Tonko","NY20_D_Tonko"
"4641","NY20","NY","20","391","New York","","Robert Dieterich","R","False","Bob","Dieterich","NY20_R_Dieterich"
"4651","NY21","NY","21","392","New York","","Bill Owens","D","True","Bill","Owens","NY21_D_Owens"
"4661","NY21","NY","21","392","New York","","Matthew Doheny","R","False","Matt","Doheny","NY21_R_Doheny"
"4671","NY22","NY","22","393","New York","","Dan Lamb","D","False","Dan","Lamb","NY22_D_Lamb"
"4681","NY22","NY","22","393","New York","","Richard Hanna","R","True","Richard","Hanna","NY22_R_Hanna"
"4691","NY23","NY","23","394","New York","","Nate Shinagawa","D","False","Nathan","Shinagawa","NY23_D_Shinagawa"
"4701","NY23","NY","23","394","New York","","Thomas Reed","R","True","Tom","Reed","NY23_R_Reed"
"4711","NY24","NY","24","395","New York","","Daniel Maffei","D","False","Dan","Maffei","NY24_D_Maffei"
"4721","NY24","NY","24","395","New York","","Ann Marie Buerkle","R","True","Ann","Buerkle","NY24_R_Buerkle"
"4731","NY25","NY","25","396","New York","","Louise Slaughter","D","True","Louise","Slaughter","NY25_D_Slaughter"
"4741","NY25","NY","25","396","New York","","Maggie Brooks","R","False","Maggie","Brooks","NY25_R_Brooks"
"4751","NY26","NY","26","397","New York","","Brian Higgins","D","True","Brian","Higgins","NY26_D_Higgins"
"4761","NY26","NY","26","397","New York","","Michael Madigan","R","False","Mike","Madigan","NY26_R_Madigan"
"4771","NY27","NY","27","398","New York","","Kathy Hochul","D","True","Kathy","Hochul","NY27_D_Hochul"
"4781","NY27","NY","27","398","New York","","Chris Collins","R","False","Chris","Collins","NY27_R_Collins"
"4801","OH01","OH"," 1","405","Ohio","","Jeff Sinnard","D","False","Jeff","Sinnard","OH01_D_Sinnard"
"4791","OH01","OH"," 1","405","Ohio","","Steve Chabot","R","True","Steve","Chabot","OH01_R_Chabot"
"4821","OH02","OH"," 2","422","Ohio","","William Smith","D","False","William","Smith","OH02_D_Smith"
"4811","OH02","OH"," 2","422","Ohio","","Brad Wenstrup","R","False","Brad","Wenstrup","OH02_R_Wenstrup"
"4831","OH03","OH"," 3","406","Ohio","","Joyce Beatty","D","False","Joyce","Beatty","OH03_D_Beatty"
"4841","OH03","OH"," 3","406","Ohio","","Chris Long","R","False","Chris","Long","OH03_R_Long"
"4851","OH04","OH"," 4","407","Ohio","","Jim Slone","D","False","Jim","Slone","OH04_D_Slone"
"4861","OH04","OH"," 4","407","Ohio","","Jim Jordan","R","True","James","Jordan","OH04_R_Jordan"
"4871","OH05","OH"," 5","408","Ohio","","Angela Zimmann","D","False","Angela","Zimmann","OH05_D_Zimmann"
"4881","OH05","OH"," 5","408","Ohio","","Bob Latta","R","True","Bob","Latta","OH05_R_Latta"
"4891","OH06","OH"," 6","409","Ohio","","Charlie Wilson","D","False","Charlie","Wilson","OH06_D_Wilson"
"4901","OH06","OH"," 6","409","Ohio","","Bill Johnson","R","True","Bill","Johnson","OH06_R_Johnson"
"4911","OH07","OH"," 7","410","Ohio","","Joyce Healy-Abrams","D","False","Joyce","Healy-Abrams","OH07_D_Healy-Abrams"
"4921","OH07","OH"," 7","410","Ohio","","Bob Gibbs","R","True","Bob","Gibbs","OH07_R_Gibbs"
"4931","OH08","OH"," 8","411","Ohio","","John Boehner","R","True","John","Boehner","OH08_R_Boehner"
"4941","OH09","OH"," 9","412","Ohio","","Marcy Kaptur","D","True","Marcy","Kaptur","OH09_D_Kaptur"
"4951","OH09","OH"," 9","412","Ohio","","Samuel Wurzelbacher","R","False","Samuel","Wurzelbacher","OH09_R_Wurzelbacher"
"4961","OH10","OH","10","413","Ohio","","Sharen Swartz Neuhardt","D","False","Sharen","Neuhardt","OH10_D_Neuhardt"
"4971","OH10","OH","10","413","Ohio","","Mike Turner","R","True","Michael","Turner","OH10_R_Turner"
"4981","OH11","OH","11","414","Ohio","","Marcia Fudge","D","True","Marcia","Fudge","OH11_D_Fudge"
"4991","OH12","OH","12","415","Ohio","","Jim Reese","D","False","James","Reese","OH12_D_Reese"
"5001","OH12","OH","12","415","Ohio","","Pat Tiberi","R","True","Patrick","Tiberi","OH12_R_Tiberi"
"5011","OH13","OH","13","416","Ohio","","Tim Ryan","D","True","Tim","Ryan","OH13_D_Ryan"
"5021","OH13","OH","13","416","Ohio","","Marisha Agana","R","False","Marisha","Agana","OH13_R_Agana"
"5031","OH14","OH","14","417","Ohio","","Dale Blanchard","D","False","Dale","Blanchard","OH14_D_Blanchard"
"5041","OH14","OH","14","417","Ohio","","Steven LaTourette","R","True","Steven","LaTourette","OH14_R_LaTourette"
"5051","OH15","OH","15","418","Ohio","","Pat Lang","D","False","Pat","Lang","OH15_D_Lang"
"5061","OH15","OH","15","418","Ohio","","Steve Stivers","R","True","Steve","Stivers","OH15_R_Stivers"
"5071","OH16","OH","16","419","Ohio","","Betty Sutton","D","True","Betty","Sutton","OH16_D_Sutton"
"5081","OH16","OH","16","419","Ohio","","Jim Renacci","R","True","Jim","Renacci","OH16_R_Renacci"
"5091","OK01","OK"," 1","425","Oklahoma","","John Olson","D","False","John","Olson","OK01_D_Olson"
"5101","OK01","OK"," 1","425","Oklahoma","","Jim Bridenstine","R","False","James","Bridenstine","OK01_R_Bridenstine"
"512","OK02","OK"," 2","428","Oklahoma","","Rob Wallace","D","False","Rob","Wallace","OK02_D_Wallace"
"514","OK02","OK"," 2","428","Oklahoma","","Markwayne Mullin","R","False","Markwayne","Mullin","OK02_R_Mullin"
"515","OK03","OK"," 3","426","Oklahoma","","Timothy Murray","D","False","Tim","Murray","OK03_D_Murray"
"516","OK03","OK"," 3","426","Oklahoma","","Frank Lucas","R","True","Frank","Lucas","OK03_R_Lucas"
"517","OK04","OK"," 4","427","Oklahoma","","Donna Bebo","D","False","Donna","Bebo","OK04_D_Bebo"
"518","OK04","OK"," 4","427","Oklahoma","","Tom Cole","R","True","Tom","Cole","OK04_R_Cole"
"519","OK05","OK"," 5","429","Oklahoma","","Tom Guild","D","False","Tom","Guild","OK05_D_Guild"
"520","OK05","OK"," 5","429","Oklahoma","","James Lankford","R","True","James","Lankford","OK05_R_Lankford"
"522","OR01","OR"," 1","434","Oregon","","Suzanne Bonamici","D","True","Suzanne","Bonamici","OR01_D_Bonamici"
"521","OR01","OR"," 1","434","Oregon","","Delinda Morgan","R","False","Delinda","Morgan","OR01_R_Morgan"
"523","OR02","OR"," 2","435","Oregon","","Joyce Segers","D","False","Joyce","Segers","OR02_D_Segers"
"524","OR02","OR"," 2","435","Oregon","","Greg Walden","R","True","Greg","Walden","OR02_R_Walden"
"525","OR03","OR"," 3","436","Oregon","","Earl Blumenauer","D","True","Earl","Blumenauer","OR03_D_Blumenauer"
"526","OR03","OR"," 3","436","Oregon","","Ronald Green","R","False","Ronald","Green","OR03_R_Green"
"527","OR04","OR"," 4","437","Oregon","","Peter DeFazio","D","True","Peter","DeFazio","OR04_D_DeFazio"
"528","OR04","OR"," 4","437","Oregon","","Art Robinson","R","False","Art","Robinson","OR04_R_Robinson"
"529","OR05","OR"," 5","438","Oregon","","Kurt Schrader","D","True","Kurt","Schrader","OR05_D_Schrader"
"530","OR05","OR"," 5","438","Oregon","","Fred Thompson","R","False","Fred","Thompson","OR05_R_Thompson"
"531","PA01","PA"," 1","441","Pennsylvania","","Robert Brady","D","True","Robert","Brady","PA01_D_Brady"
"532","PA01","PA"," 1","441","Pennsylvania","","John Featherman","R","False","John","Featherman","PA01_R_Featherman"
"533","PA02","PA"," 2","459","Pennsylvania","","Chaka Fattah","D","True","Chaka","Fattah","PA02_D_Fattah"
"534","PA02","PA"," 2","459","Pennsylvania","","Robert Mansfield","R","False","Robert","Mansfield","PA02_R_Mansfield"
"535","PA03","PA"," 3","442","Pennsylvania","","Missa Eaton","D","False","Melissa","Eaton","PA03_D_Eaton"
"536","PA03","PA"," 3","442","Pennsylvania","","Mike Kelly","R","True","Mike","Kelly","PA03_R_Kelly"
"537","PA04","PA"," 4","443","Pennsylvania","","Harry Perkinson","D","False","Harry","Perkinson","PA04_D_Perkinson"
"538","PA04","PA"," 4","443","Pennsylvania","","Scott Perry","R","False","Scott","Perry","PA04_R_Perry"
"539","PA05","PA"," 5","444","Pennsylvania","","Charles Dumas","D","False","Charles","Dumas","PA05_D_Dumas"
"540","PA05","PA"," 5","444","Pennsylvania","","Glenn Thompson","R","True","Glenn","Thompson","PA05_R_Thompson"
"541","PA06","PA"," 6","445","Pennsylvania","","Manan Trivedi","D","False","Manan","Trivedi","PA06_D_Trivedi"
"542","PA06","PA"," 6","445","Pennsylvania","","Jim Gerlach","R","True","Jim","Gerlach","PA06_R_Gerlach"
"543","PA07","PA"," 7","446","Pennsylvania","","George Badey","D","False","George","Badey","PA07_D_Badey"
"544","PA07","PA"," 7","446","Pennsylvania","","Patrick Meehan","R","True","Patrick","Meehan","PA07_R_Meehan"
"545","PA08","PA"," 8","447","Pennsylvania","","Kathy Boockvar","D","False","Kathryn","Boockvar","PA08_D_Boockvar"
"546","PA08","PA"," 8","447","Pennsylvania","","Mike Fitzpatrick","R","True","Michael","Fitzpatrick","PA08_R_Fitzpatrick"
"547","PA09","PA"," 9","460","Pennsylvania","","Bill Shuster","R","True","Bill","Shuster","PA09_R_Shuster"
"548","PA10","PA","10","448","Pennsylvania","","Philip Scollo","D","False","Philip","Scollo","PA10_D_Scollo"
"549","PA10","PA","10","448","Pennsylvania","","Thomas Marino","R","True","Tom","Marino","PA10_R_Marino"
"550","PA11","PA","11","449","Pennsylvania","","Gene Stilp","D","False","Gene","Stilp","PA11_D_Stilp"
"551","PA11","PA","11","449","Pennsylvania","","Lou Barletta","R","True","Lou","Barletta","PA11_R_Barletta"
"552","PA12","PA","12","450","Pennsylvania","","Mark Critz","D","True","Mark","Critz","PA12_D_Critz"
"553","PA12","PA","12","450","Pennsylvania","","Keith Rothfus","R","False","Keith","Rothfus","PA12_R_Rothfus"
"554","PA13","PA","13","451","Pennsylvania","","Allyson Schwartz","D","True","Allyson","Schwartz","PA13_D_Schwartz"
"555","PA13","PA","13","451","Pennsylvania","","Joseph Rooney","R","False","Joe","Rooney","PA13_R_Rooney"
"556","PA14","PA","14","452","Pennsylvania","","Mike Doyle","D","True","Mike","Doyle","PA14_D_Doyle"
"557","PA14","PA","14","452","Pennsylvania","","Hans Lessmann","R","False","Hans","Lessmann","PA14_R_Lessmann"
"558","PA15","PA","15","453","Pennsylvania","","Richard Daugherty","D","False","Rick","Daugherty","PA15_D_Daugherty"
"559","PA15","PA","15","453","Pennsylvania","","Charles Dent","R","True","Charlie","Dent","PA15_R_Dent"
"560","PA16","PA","16","454","Pennsylvania","","Aryanna Strader","D","False","Aryanna","Strader","PA16_D_Strader"
"561","PA16","PA","16","454","Pennsylvania","","Joseph Pitts","R","True","Joe","Pitts","PA16_R_Pitts"
"562","PA17","PA","17","455","Pennsylvania","","Matthew Cartwright","D","False","Matt","Cartwright","PA17_D_Cartwright"
"563","PA17","PA","17","455","Pennsylvania","","Laureen Cummings","R","False","Laureen","Cummings","PA17_R_Cummings"
"564","PA18","PA","18","456","Pennsylvania","","Larry Maggi","D","False","Larry","Maggi","PA18_D_Maggi"
"565","PA18","PA","18","456","Pennsylvania","","Tim Murphy","R","True","Tim","Murphy","PA18_R_Murphy"
"569","SC01","SC"," 1","468","South Carolina","","Bobbie Rose","D","False","Bobbie","Rose","SC01_D_Rose"
"568","SC01","SC"," 1","468","South Carolina","","Tim Scott","R","True","Tim","Scott","SC01_R_Scott"
"570","SC02","SC"," 2","469","South Carolina","","Joe Wilson","R","True","Joe","Wilson","SC02_R_Wilson"
"572","SC03","SC"," 3","470","South Carolina","","Brian Doyle","D","False","Brian","Doyle","SC03_D_Doyle"
"571","SC03","SC"," 3","470","South Carolina","","Jeff Duncan","R","True","Jeff","Duncan","SC03_R_Duncan"
"574","SC04","SC"," 4","472","South Carolina","","Deb Morrow","D","False","Deb","Morrow","SC04_D_Morrow"
"573","SC04","SC"," 4","472","South Carolina","","Trey Gowdy","R","True","Trey","Gowdy","SC04_R_Gowdy"
"576","SC05","SC"," 5","473","South Carolina","","Joyce Knott","D","False","Joyce","Knott","SC05_D_Knott"
"575","SC05","SC"," 5","473","South Carolina","","Mick Mulvaney","R","True","Mick","Mulvaney","SC05_R_Mulvaney"
"577","SC06","SC"," 6","474","South Carolina","","Jim Clyburn","D","True","James","Clyburn","SC06_D_Clyburn"
"578","SC07","SC"," 7","605","South Carolina","","Gloria Bromell Tinubu","D","False","Gloria","Bromell Tinubu","SC07_D_Bromell Tinubu"
"579","SC07","SC"," 7","605","South Carolina","","Tom Rice","R","False","Tom","Rice","SC07_R_Rice"
"580","SD01","SD"," 1","477","South Dakota","","Matt Varilek","D","False","Matt","Varilek","SD01_D_Varilek"
"581","SD01","SD"," 1","477","South Dakota","","Kristi Noem","R","True","Kristi","Noem","SD01_R_Noem"
"591","TX01","TX"," 1","493","Texas","","Shirley McKellar","D","False","Shirley","McKellar","TX01_D_McKellar"
"592","TX01","TX"," 1","493","Texas","","Louie Gohmert","R","True","Louie","Gohmert","TX01_R_Gohmert"
"593","TX02","TX"," 2","494","Texas","","Jim Dougherty","D","False","Jim","Dougherty","TX02_D_Dougherty"
"594","TX02","TX"," 2","494","Texas","","Ted Poe","R","True","Ted","Poe","TX02_R_Poe"
"595","TX03","TX"," 3","495","Texas","","Sam Johnson","R","True","Sam","Johnson","TX03_R_Johnson"
"596","TX04","TX"," 4","496","Texas","","VaLinda Hathcox","D","False","Valinda","Hathcox","TX04_D_Hathcox"
"597","TX04","TX"," 4","496","Texas","","Ralph Hall","R","True","Ralph","Hall","TX04_R_Hall"
"599","TX05","TX"," 5","497","Texas","","Linda Mrosko","D","False","Linda","Mrosko","TX05_D_Mrosko"
"600","TX05","TX"," 5","497","Texas","","Jeb Hensarling","R","True","Jeb","Hensarling","TX05_R_Hensarling"
"601","TX06","TX"," 6","498","Texas","","Kenneth Sanders","D","False","Kenneth","Sanders","TX06_D_Sanders"
"602","TX06","TX"," 6","498","Texas","","Joe Barton","R","True","Joe","Barton","TX06_R_Barton"
"603","TX07","TX"," 7","499","Texas","","James Cargas","D","False","James","Cargas","TX07_D_Cargas"
"605","TX07","TX"," 7","499","Texas","","John Culberson","R","True","John","Culberson","TX07_R_Culberson"
"606","TX08","TX"," 8","500","Texas","","Neil Burns","D","False","Neil","Burns","TX08_D_Burns"
"607","TX08","TX"," 8","500","Texas","","Kevin Brady","R","True","Kevin","Brady","TX08_R_Brady"
"608","TX09","TX"," 9","501","Texas","","Al Green","D","True","Al","Green","TX09_D_Green"
"609","TX09","TX"," 9","501","Texas","","Steve Mueller","R","False","Steve","Mueller","TX09_R_Mueller"
"610","TX10","TX","10","502","Texas","","Tawana Cadien","D","False","Tawana","Cadien","TX10_D_Cadien"
"611","TX10","TX","10","502","Texas","","Michael McCaul","R","True","Michael","McCaul","TX10_R_McCaul"
"612","TX11","TX","11","503","Texas","","Jim Riley","D","False","Jim","Riley","TX11_D_Riley"
"613","TX11","TX","11","503","Texas","","Mike Conaway","R","True","Mike","Conaway","TX11_R_Conaway"
"614","TX12","TX","12","504","Texas","","Dave Robinson","D","False","Dave","Robinson","TX12_D_Robinson"
"615","TX12","TX","12","504","Texas","","Kay Granger","R","True","Kay","Granger","TX12_R_Granger"
"616","TX13","TX","13","505","Texas","","Mac Thornberry","R","True","Mac","Thornberry","TX13_R_Thornberry"
"2102","TX14","TX","14","506","Texas","","Nick Lampson","D","False","Nick","Lampson","TX14_D_Lampson"
"2122","TX14","TX","14","506","Texas","","Randy Weber","R","False","Randy","Weber","TX14_R_Weber"
"213","TX15","TX","15","507","Texas","","Ruben Hinojosa","D","True","Ruben","Hinojosa","TX15_D_Hinojosa"
"215","TX15","TX","15","507","Texas","","Dale Brueggemann","R","False","Dale","Brueggemann","TX15_R_Brueggemann"
"623","TX16","TX","16","508","Texas","","Beto O'Rourke","D","False","Beto","O'Rourke","TX16_D_O'Rourke"
"624","TX16","TX","16","508","Texas","","Barbara Carrasco","R","False","Barbara","Carrasco","TX16_R_Carrasco"
"625","TX17","TX","17","509","Texas","","Bill Flores","R","True","Bill","Flores","TX17_R_Flores"
"626","TX18","TX","18","510","Texas","","Sheila Jackson Lee","D","True","Sheila","Jackson Lee","TX18_D_Jackson Lee"
"627","TX18","TX","18","510","Texas","","Sean Seibert","R","False","Sean","Seibert","TX18_R_Seibert"
"628","TX19","TX","19","511","Texas","","Randy Neugebauer","R","True","Randy","Neugebauer","TX19_R_Neugebauer"
"629","TX20","TX","20","512","Texas","","Joaquin Castro","D","False","Joaquin","Castro","TX20_D_Castro"
"630","TX20","TX","20","512","Texas","","David Rosa","R","False","Sheila","Lee","TX18_D_Lee"
"631","TX21","TX","21","513","Texas","","Candace Duval","D","False","Candace","Duval","TX21_D_Duval"
"632","TX21","TX","21","513","Texas","","Lamar Smith","R","True","Lamar","Smith","TX21_R_Smith"
"633","TX22","TX","22","514","Texas","","Kesha Rogers","D","False","Kesha","Rogers","TX22_D_Rogers"
"634","TX22","TX","22","514","Texas","","Pete Olson","R","True","Pete","Olson","TX22_R_Olson"
"2162","TX23","TX","23","515","Texas","","Pete Gallego","D","False","Pete","Gallego","TX23_D_Gallego"
"2182","TX23","TX","23","515","Texas","","Quico Canseco","R","True","Francisco","Canseco","TX23_R_Canseco"
"638","TX24","TX","24","516","Texas","","Tim Rusk","D","False","Tim","Rusk","TX24_D_Rusk"
"639","TX24","TX","24","516","Texas","","Kenny Marchant","R","True","Kenny","Marchant","TX24_R_Marchant"
"640","TX25","TX","25","517","Texas","","Elaine Henderson","D","False","Elaine","Henderson","TX25_D_Henderson"
"642","TX25","TX","25","517","Texas","","Roger Williams","R","False","Roger","Williams","TX25_R_Williams"
"643","TX26","TX","26","518","Texas","","David Sanchez","D","False","David","Sanchez","TX26_D_Sanchez"
"644","TX26","TX","26","518","Texas","","Michael Burgess","R","True","Michael","Burgess","TX26_R_Burgess"
"645","TX27","TX","27","519","Texas","","Rose Harrison","D","False","Rose","Harrison","TX27_D_Harrison"
"647","TX27","TX","27","519","Texas","","Blake Farenthold","R","True","Blake","Farenthold","TX27_R_Farenthold"
"648","TX28","TX","28","523","Texas","","Henry Cuellar","D","True","Henry","Cuellar","TX28_D_Cuellar"
"649","TX28","TX","28","523","Texas","","William Hayward","R","False","William","Hayward","TX28_R_Hayward"
"650","TX29","TX","29","520","Texas","","Gene Green","D","True","Gene","Green","TX29_D_Green"
"651","TX30","TX","30","521","Texas","","Eddie Bernice Johnson","D","True","Eddie","Bernice Johnson","TX30_D_Bernice Johnson"
"652","TX30","TX","30","521","Texas","","Travis Washington","R","False","Travis","Washington","TX30_R_Washington"
"653","TX31","TX","31","524","Texas","","Stephen Wyman","D","False","Stephen","Wyman","TX31_D_Wyman"
"654","TX31","TX","31","524","Texas","","John Carter","R","True","John","Carter","TX31_R_Carter"
"655","TX32","TX","32","525","Texas","","Katherine McGovern","D","False","Eddie","Johnson","TX30_D_Johnson"
"656","TX32","TX","32","525","Texas","","Pete Sessions","R","True","Pete","Sessions","TX32_R_Sessions"
"657","TX33","TX","33","606","Texas","","Marc Veasey","D","False","Marc","Veasey","TX33_D_Veasey"
"659","TX33","TX","33","606","Texas","","Chuck Bradley","R","False","Chuck","Bradley","TX33_R_Bradley"
"220","TX34","TX","34","607","Texas","","Filemon Vela","D","False","Filemon","Vela","TX34_D_Vela"
"221","TX34","TX","34","607","Texas","","Jessica Bradshaw","R","False","Jessica","Bradshaw","TX34_R_Bradshaw"
"664","TX35","TX","35","608","Texas","","Lloyd Doggett","D","True","Lloyd","Doggett","TX35_D_Doggett"
"665","TX35","TX","35","608","Texas","","Susan Narvaiz","R","False","Susan","Narvaiz","TX35_R_Narvaiz"
"666","TX36","TX","36","609","Texas","","Max Martin","D","False","Max","Martin","TX36_D_Martin"
"668","TX36","TX","36","609","Texas","","Steve Stockman","R","False","Steve","Stockman","TX36_R_Stockman"
"669","UT01","UT"," 1","528","Utah","","Donna McAleer","D","False","Donna","McAleer","UT01_D_McAleer"
"670","UT01","UT"," 1","528","Utah","","Rob Bishop","R","True","Rob","Bishop","UT01_R_Bishop"
"671","UT02","UT"," 2","529","Utah","","Jay Seegmiller","D","False","Jay","Seegmiller","UT02_D_Seegmiller"
"672","UT02","UT"," 2","529","Utah","","Chris Stewart","R","False","Chris","Stewart","UT02_R_Stewart"
"673","UT03","UT"," 3","530","Utah","","Soren Simonsen","D","False","Soren","Simonsen","UT03_D_Simonsen"
"674","UT03","UT"," 3","530","Utah","","Jason Chaffetz","R","True","Jason","Chaffetz","UT03_R_Chaffetz"
"675","UT04","UT"," 4","610","Utah","","Jim Matheson","D","True","Jim","Matheson","UT04_D_Matheson"
"676","UT04","UT"," 4","610","Utah","","Mia Love","R","False","Mia","Love","UT04_R_Love"
"678","VA01","VA"," 1","534","Virginia","","Adam Cook","D","False","Adam","Cook","VA01_D_Cook"
"677","VA01","VA"," 1","534","Virginia","","Rob Wittman","R","True","Rob","Wittman","VA01_R_Wittman"
"680","VA02","VA"," 2","535","Virginia","","Paul Hirschbiel","D","False","Paul","Hirschbiel","VA02_D_Hirschbiel"
"679","VA02","VA"," 2","535","Virginia","","Scott Rigell","R","True","Scott","Rigell","VA02_R_Rigell"
"682","VA03","VA"," 3","536","Virginia","","Bobby Scott","D","True","Bobby","Scott","VA03_D_Scott"
"681","VA03","VA"," 3","536","Virginia","","Dean Longo","R","False","Dean","Longo","VA03_R_Longo"
"683","VA04","VA"," 4","537","Virginia","","Ella Ward","D","False","Ella","Ward","VA04_D_Ward"
"684","VA04","VA"," 4","537","Virginia","","Randy Forbes","R","True","Randy","Forbes","VA04_R_Forbes"
"686","VA05","VA"," 5","538","Virginia","","John Douglass","D","False","John","Douglass","VA05_D_Douglass"
"685","VA05","VA"," 5","538","Virginia","","Robert Hurt","R","True","Robert","Hurt","VA05_R_Hurt"
"688","VA06","VA"," 6","539","Virginia","","Andy Schmookler","D","False","Andy","Schmookler","VA06_D_Schmookler"
"687","VA06","VA"," 6","539","Virginia","","Robert Goodlatte","R","True","Bob","Goodlatte","VA06_R_Goodlatte"
"690","VA07","VA"," 7","540","Virginia","","Wayne Powell","D","False","Wayne","Powell","VA07_D_Powell"
"689","VA07","VA"," 7","540","Virginia","","Eric Cantor","R","True","Eric","Cantor","VA07_R_Cantor"
"691","VA08","VA"," 8","541","Virginia","","James Moran","D","True","Jim","Moran","VA08_D_Moran"
"692","VA08","VA"," 8","541","Virginia","","Patrick Murray","R","False","Patrick","Murray","VA08_R_Murray"
"694","VA09","VA"," 9","542","Virginia","","Anthony Flaccavento","D","False","Anthony","Flaccavento","VA09_D_Flaccavento"
"693","VA09","VA"," 9","542","Virginia","","Morgan Griffith","R","True","Morgan","Griffith","VA09_R_Griffith"
"696","VA10","VA","10","543","Virginia","","Kristin Cabral","D","False","Kristin","Cabral","VA10_D_Cabral"
"695","VA10","VA","10","543","Virginia","","Frank Wolf","R","True","Frank","Wolf","VA10_R_Wolf"
"718","WV01","WV"," 1","575","West Virginia","","Sue Thorn","D","False","Susan","Thorn","WV01_D_Thorn"
"719","WV01","WV"," 1","575","West Virginia","","David McKinley","R","True","David","McKinley","WV01_R_McKinley"
"720","WV02","WV"," 2","576","West Virginia","","Howard Swint","D","False","Howard","Swint","WV02_D_Swint"
"721","WV02","WV"," 2","576","West Virginia","","Shelley Capito","R","True","Shelley","Capito","WV02_R_Capito"
"722","WV03","WV"," 3","577","West Virginia","","Nick Rahall","D","True","Nick","Rahall","WV03_D_Rahall"
"723","WV03","WV"," 3","577","West Virginia","","Rick Snuffer","R","False","Rick","Snuffer","WV03_R_Snuffer"
